Business Name,City,Rating,Reviews Count,Phone Number,Email,Website,Full Address,Google Maps Link
"Bandhu Internet Cafe, Saharsa",Saharsa,4.0,,+91 96930 08486,,Not Available,"VJP4+5GQ, Sant Nagar, Saharsa, Bihar 852201, India","https://www.google.com/maps/place/Bandhu+Internet+Cafe,+Saharsa/data=!4m7!3m6!1s0x39ee3dc739ef9c1d:0xff692c650f5fa623!8m2!3d25.8854537!4d86.6063546!16s%2Fg%2F1hc6vq5_k!19sChIJHZzvOcc97jkRI6ZfD2Usaf8?authuser=0&hl=en&rclk=1"
ANANYA CYBER CAFE Saharsa bangaon road,Saharsa,3.9,,+91 88630 14425,,Not Available,"Bangaon Rd, Ward Number 22, Refugee Chowk, Saharsa, Bihar 852201, India",https://www.google.com/maps/place/ANANYA+CYBER+CAFE+Saharsa+bangaon+road/data=!4m7!3m6!1s0x39ee3d88e0b57d31:0xc9ff6083d0f6168c!8m2!3d25.8738629!4d86.5841546!16s%2Fg%2F11ddxw4kt0!19sChIJMX214Ig97jkRjBb20INg_8k?authuser=0&hl=en&rclk=1
Vasudha Kendra Cyber Cafe,Saharsa,4.5,,+91 76313 73700,,Not Available,"Bypass Rd, Ward Number 14, Shivpuri, Saharsa, Bihar 852124, India",https://www.google.com/maps/place/Vasudha+Kendra+Cyber+Cafe/data=!4m7!3m6!1s0x39ee3d9381000001:0x23dc6c6b5b7f3fc9!8m2!3d25.8980058!4d86.5990899!16s%2Fg%2F11h9qf3nl3!19sChIJAQAAgZM97jkRyT9_W2ts3CM?authuser=0&hl=en&rclk=1
Golu Internet World,Saharsa,4.9,,+91 80512 62606,,Not Available,"KANP, opp.  , Saharsa, Bihar 852221, India",https://www.google.com/maps/place/Golu+Internet+World/data=!4m7!3m6!1s0x39ee3bb40692c3cd:0x8af039692272f458!8m2!3d25.8334116!4d86.7410425!16s%2Fg%2F11hfn4pbrf!19sChIJzcOSBrQ77jkRWPRyImk58Io?authuser=0&hl=en&rclk=1
Point zone,Saharsa,4.9,,+91 91026 00878,,Not Available,"Hatiya Gachhi, Saharsa, Bihar 852202, India",https://www.google.com/maps/place/Point+zone/data=!4m7!3m6!1s0x39ee3d526611f78f:0x1c065b0538f55380!8m2!3d25.8786865!4d86.6115133!16s%2Fg%2F11t71n3rsw!19sChIJj_cRZlI97jkRgFP1OAVbBhw?authuser=0&hl=en&rclk=1
Manas Internet Cafe,Saharsa,4.4,,+91 91232 80026,,Not Available,"Rajwanshi Nagar, Saharsa, Bihar 852201, India",https://www.google.com/maps/place/Manas+Internet+Cafe/data=!4m7!3m6!1s0x39ee3d39b24f6c6b:0x94f349d2fffd2313!8m2!3d25.8836054!4d86.5995593!16s%2Fg%2F11jzr606mv!19sChIJa2xPsjk97jkREyP9_9JJ85Q?authuser=0&hl=en&rclk=1
DIGITAL SEVA (STUDIO & INTERNET)& CSC CENTER &IDBI BANK CSP,Saharsa,4.8,,+91 70042 00919,,Not Available,"ward no, Uchhahi Nagar Kahara, 06, near bariyar, Saharsa, Bihar 852202, India",https://www.google.com/maps/place/DIGITAL+SEVA+%28STUDIO+%26+INTERNET%29%26+CSC+CENTER+%26IDBI+BANK+CSP/data=!4m7!3m6!1s0x39ee3d4c3fd467c5:0x6206f7dbfb175046!8m2!3d25.8734255!4d86.5805057!16s%2Fg%2F11jgnnxmr5!19sChIJxWfUP0w97jkRRlAX-9v3BmI?authuser=0&hl=en&rclk=1
The trust cafe,Saharsa,4.4,,+91 73250 51465,,Not Available,"ward no 34, near, kadir chowk dumrail, Hatiya Gachhi, Saharsa, Bihar 852202, India",https://www.google.com/maps/place/The+trust+cafe/data=!4m7!3m6!1s0x39ee3d56e0f1dab3:0xb53fc4e2155d4cb6!8m2!3d25.8835749!4d86.6168827!16s%2Fg%2F11l37c3ncx!19sChIJs9rx4FY97jkRtkxdFeLEP7U?authuser=0&hl=en&rclk=1
ARYAN CYBER CAFE,Saharsa,3.5,,+91 78708 43576,,http://kishorkumar.website2.me/,"Bengha Main Rd, Naya Bazar, Saharsa, Bihar 852201, India",https://www.google.com/maps/place/ARYAN+CYBER+CAFE/data=!4m7!3m6!1s0x39ee16231a407211:0x5f56a9955c19ce75!8m2!3d25.8780291!4d86.5832689!16s%2Fg%2F11c6xpl2ht!19sChIJEXJAGiMW7jkRdc4ZXJWpVl8?authuser=0&hl=en&rclk=1
NEW CLICK INTERNET,Saharsa,4.7,,Not Available,,Not Available,"At sharwandih, Batraha to Sulindabad Rd, Sulindabad, Saharsa, Bihar 852202, India",https://www.google.com/maps/place/NEW+CLICK+INTERNET/data=!4m7!3m6!1s0x39ee3dc8047fbb03:0xab7f60ec9ef67530!8m2!3d25.8478717!4d86.5904976!16s%2Fg%2F11f616hvjg!19sChIJA7t_BMg97jkRMHX2nuxgf6s?authuser=0&hl=en&rclk=1
AMIT INTERNET SEVA,Saharsa,4.9,,Not Available,,Not Available,"Gangjala Ward no.-11, Gautam Nagar, Maharana Pratap Chowk, Rajwanshi Nagar, Saharsa, Bihar 852201, India",https://www.google.com/maps/place/AMIT+INTERNET+SEVA/data=!4m7!3m6!1s0x39ee3dd9bf5d47e3:0xa790d37615932a02!8m2!3d25.8929424!4d86.5983803!16s%2Fg%2F11rshf4_6_!19sChIJ40ddv9k97jkRAiqTFXbTkKc?authuser=0&hl=en&rclk=1
Koshi Cyber City,Saharsa,,,Not Available,,https://koshicybercity.com/,"Aadarsh Nagar, Saharsa, Bihar 852201, India",https://www.google.com/maps/place/Koshi+Cyber+City/data=!4m7!3m6!1s0x39ee3d000c962a79:0x1b31ae9517ea19fe!8m2!3d25.884313!4d86.6119058!16s%2Fg%2F11mzzb_qh7!19sChIJeSqWDAA97jkR_hnqF5WuMRs?authuser=0&hl=en&rclk=1
MAA GAYATRI INTERNET CAFE,Saharsa,4.0,,+91 91225 00779,,Not Available,"HANUMAN CHOWK, near SWARAJ Hospital, Saharsa, Bihar 852201, India",https://www.google.com/maps/place/MAA+GAYATRI+INTERNET+CAFE/data=!4m7!3m6!1s0x39ee3dc184305fe5:0x289759d08480f51e!8m2!3d25.8875471!4d86.6063689!16s%2Fg%2F11j3xd3y6j!19sChIJ5V8whME97jkRHvWAhNBZlyg?authuser=0&hl=en&rclk=1
AnanD Cyber Cafe Bhavtiya,Saharsa,4.9,,+91 72820 01573,,https://whatsapp.com/channel/0029VadFuNU5EjxurYVnXB0Q,"Near SBI ATM & Uttar Bihar Gramin Bank Bhavtiya, Suhath, Saur Bazar, Saharsa, Bihar 852221, India",https://www.google.com/maps/place/AnanD+Cyber+Cafe+Bhavtiya/data=!4m7!3m6!1s0x39ee25ac25468889:0xa7149aa0a5427eeb!8m2!3d25.7731951!4d86.6859718!16s%2Fg%2F11j7f_jwgb!19sChIJiYhGJawl7jkR635CpaCaFKc?authuser=0&hl=en&rclk=1
Samrat cyber cafe,Saharsa,4.0,,+91 90609 04794,,Not Available,"Polytechnic Rd, Ward Number 34, Aadarsh Nagar, Saharsa, Bihar 852201, India",https://www.google.com/maps/place/Samrat+cyber+cafe/data=!4m7!3m6!1s0x39ee3dcf80df5b5f:0x67141be0721f2bdf!8m2!3d25.8846581!4d86.610213!16s%2Fg%2F11rx3srh1h!19sChIJX1vfgM897jkR3ysfcuAbFGc?authuser=0&hl=en&rclk=1
K Aryan Internet Cafe OR Studio,Saharsa,5.0,,+91 80026 83927,,https://youtube.com/channel/UCknnRCkpnvPdiCQ_s3EL_Bg,"Ward No-10, Veer Kunwar Singh Rd, Chowk, Saharsa, Bihar 852201, India",https://www.google.com/maps/place/K+Aryan+Internet+Cafe+OR+Studio/data=!4m7!3m6!1s0x39ee3db6ce2e6d13:0xf8edbaa17bf1b461!8m2!3d25.8839891!4d86.5908376!16s%2Fg%2F11tg3_czzj!19sChIJE20uzrY97jkRYbTxe6G67fg?authuser=0&hl=en&rclk=1
AGNI INTERNET SEVA,Saharsa,5.0,,Not Available,,Not Available,"BHAGAT MARKET, GALI, DB Rd, near AGNI PUSTAK, Naya Bazar, Saharsa, Bihar 852201, India",https://www.google.com/maps/place/AGNI+INTERNET+SEVA/data=!4m7!3m6!1s0x39ee3de39ea25627:0xf204f5e3122d8354!8m2!3d25.8779403!4d86.5922561!16s%2Fg%2F11hyl3nq2g!19sChIJJ1ainuM97jkRVIMtEuP1BPI?authuser=0&hl=en&rclk=1
DATA CENTER,Saharsa,4.2,,Not Available,,Not Available,"VHJM+H9C, New Colony Rd, Naya Bazar, Saharsa, Bihar 852201, India",https://www.google.com/maps/place/DATA+CENTER/data=!4m7!3m6!1s0x39ee3df6fa36c26f:0x24250656d1930178!8m2!3d25.8814052!4d86.5833998!16s%2Fg%2F11f7r6tm__!19sChIJb8I2-vY97jkReAGT0VYGJSQ?authuser=0&hl=en&rclk=1
Ahan Cyber Cafe,Saharsa,5.0,,+91 99399 91031,,Not Available,"Shop No 01, RM College Rd, Tiwari Tola, Campus, Hatiya Gachhi, Saharsa, Bihar 852202, India",https://www.google.com/maps/place/Ahan+Cyber+Cafe/data=!4m7!3m6!1s0x39ee3dcb6e1cd6f1:0xd5d908b28574801a!8m2!3d25.8785025!4d86.6110348!16s%2Fg%2F11mcb9n4q6!19sChIJ8dYcbss97jkRGoB0hbII2dU?authuser=0&hl=en&rclk=1
SUMIT INTERNET CAFE,Saharsa,3.7,,+91 70046 29780,,Not Available,"W Railway Colony Rd, Bhartiya Nagar, Krishna Nagar, Saharsa, Bihar 852201, India",https://www.google.com/maps/place/SUMIT+INTERNET+CAFE/data=!4m7!3m6!1s0x39ee3d9afa4ab901:0xc5d3a17dcfc1fd43!8m2!3d25.869118!4d86.5925888!16s%2Fg%2F11c2l_rvv2!19sChIJAblK-po97jkRQ_3Bz32h08U?authuser=0&hl=en&rclk=1
GURU JI ONLINE CENTER,Saharsa,5.0,,+91 88265 78660,,Not Available,"Bariyahi Bazar Bariyahi Bazar, Opposite Side Homeguard Office, Saharsa, Bihar-852201, Saharsa, Bihar 852202, India",https://www.google.com/maps/place/GURU+JI+ONLINE+CENTER/data=!4m7!3m6!1s0x39ee17d4a8dd2143:0x1eb04d98bdf4488a!8m2!3d25.8640415!4d86.5350015!16s%2Fg%2F11yzsttmgd!19sChIJQyHdqNQX7jkRikj0vZhNsB4?authuser=0&hl=en&rclk=1
DIGITAL INDIA ONLINE,Saharsa,5.0,,Not Available,,Not Available,"INFRONT OF ASHOK CINEMA HALL, Gandhi Path, Naya Bazar, Saharsa, Bihar 852201, India",https://www.google.com/maps/place/DIGITAL+INDIA+ONLINE/data=!4m7!3m6!1s0x39ee3d00604cbc8f:0x47d4b425dab28ed7!8m2!3d25.8770092!4d86.5899738!16s%2Fg%2F11z1rnclzc!19sChIJj7xMYAA97jkR146y2iW01Ec?authuser=0&hl=en&rclk=1
UIDAI,Saharsa,4.2,,Not Available,,Not Available,"Tiwari Tola ward no 31, 31, Saharsa Basti Ward Number 31, Hatiya Gachhi, Saharsa, Bihar 852202, India",https://www.google.com/maps/place/UIDAI/data=!4m7!3m6!1s0x39ee3dba09262f4d:0x850cf5964c3fda!8m2!3d25.8768631!4d86.6104317!16s%2Fg%2F11byyf88wc!19sChIJTS8mCbo97jkR2j9MlvUMhQA?authuser=0&hl=en&rclk=1
Vidhyarthi internet seva,Saharsa,5.0,,Not Available,,Not Available,"VHPC+8QH, Bengha Rd, Naya Bazar, Saharsa, Bihar 852202, India",https://www.google.com/maps/place/Vidhyarthi+internet+seva/data=!4m7!3m6!1s0x39ee171774ebf0f3:0xc67a8977b34b5753!8m2!3d25.8858218!4d86.5719897!16s%2Fg%2F11l5sgms59!19sChIJ8_DrdBcX7jkRU1dLs3eJesY?authuser=0&hl=en&rclk=1
Riyaz internet Cafe,Saharsa,5.0,,Not Available,,Not Available,"VJP3+QFH, Rajwanshi Nagar, Saharsa, Bihar 852201, India",https://www.google.com/maps/place/Riyaz+internet+Cafe/data=!4m7!3m6!1s0x39ee3d56b03d63f9:0xe0a010a6e9755ef9!8m2!3d25.8869437!4d86.6037279!16s%2Fg%2F11qg93v2yc!19sChIJ-WM9sFY97jkR-V516aYQoOA?authuser=0&hl=en&rclk=1
B-FIBER BROADBAND SAHARSA BIHAR,Saharsa,4.8,,+91 91355 54000,,https://bfiber.in/,"Gupta Complex, Gandhi Path, Naya Bazar, Saharsa, Bihar 852201, India",https://www.google.com/maps/place/B-FIBER+BROADBAND+SAHARSA+BIHAR/data=!4m7!3m6!1s0x39ee3d85cfc81e25:0x38243593ccf9c02b!8m2!3d25.8820625!4d86.590143!16s%2Fg%2F11np2prb_d!19sChIJJR7Iz4U97jkRK8D5zJM1JDg?authuser=0&hl=en&rclk=1
Shubham Internet Cafe 🌐,Saharsa,5.0,,Not Available,,Not Available,"Near High School Field Baijnathpur Ward No-6 Araria RS, Bihar, India",https://www.google.com/maps/place/Shubham+Internet+Cafe+%F0%9F%8C%90/data=!4m7!3m6!1s0x39ee3d003ff53683:0xb50ed19d0bd9538a!8m2!3d25.8895686!4d86.645938!16s%2Fg%2F11n3c120yx!19sChIJgzb1PwA97jkRilPZC53RDrU?authuser=0&hl=en&rclk=1
Pankaj Online Center CSC ( COMMON SERVICE CENTER,Saharsa,4.9,,Not Available,,Not Available,"Aran, Saharsa, Bihar 852124, India",https://www.google.com/maps/place/Pankaj+Online+Center+CSC+%28+COMMON+SERVICE+CENTER/data=!4m7!3m6!1s0x39ee3f0330abf403:0x67b2dcaf5d1f49ac!8m2!3d25.9241323!4d86.6137376!16s%2Fg%2F11w3nlqwtv!19sChIJA_SrMAM_7jkRrEkfXa_csmc?authuser=0&hl=en&rclk=1
L&R Online Shop,Saharsa,5.0,,Not Available,,Not Available,"Hakpara, Ward No 05, Choughara Road, Hakpara, Saharsa, Bihar 852201, India",https://www.google.com/maps/place/L%26R+Online+Shop/data=!4m7!3m6!1s0x39ee3d04e6e68521:0x2125e3e5f25415c0!8m2!3d25.904701!4d86.5991053!16s%2Fg%2F11mz9dwvkn!19sChIJIYXm5gQ97jkRwBVU8uXjJSE?authuser=0&hl=en&rclk=1
GuRu Internet Seva,Saharsa,,,Not Available,,Not Available,"Rupnagr ward no 40, Samda Rd, Saharsa, Bihar 852202, India",https://www.google.com/maps/place/GuRu+Internet+Seva/data=!4m7!3m6!1s0x39ee3db1662557b1:0xe7dd72a4d587d0df!8m2!3d25.8606711!4d86.6240826!16s%2Fg%2F11h6d7m1n3!19sChIJsVclZrE97jkR39CH1aRy3ec?authuser=0&hl=en&rclk=1
Apna Internet cafe,Saharsa,,,Not Available,,Not Available,"Sitaram chowk, new, Bypass Rd, Sant Nagar, Saharsa, Bihar 852201, India",https://www.google.com/maps/place/Apna+Internet+cafe/data=!4m7!3m6!1s0x39ee3d540449a87d:0x584445ffecec82e6!8m2!3d25.8673566!4d86.6041188!16s%2Fg%2F11mzpd58qf!19sChIJfahJBFQ97jkR5oLs7P9FRFg?authuser=0&hl=en&rclk=1
Nandan Digital Seva Dhamsaini,Saharsa,3.4,,Not Available,,Not Available,"RJX6+VWV, Sulindabad, Saharsa, Bihar 852202, India",https://www.google.com/maps/place/Nandan+Digital+Seva+Dhamsaini/data=!4m7!3m6!1s0x39ee3d053de26e07:0xc6c38698991b59af!8m2!3d25.8497382!4d86.6122889!16s%2Fg%2F11f403n06p!19sChIJB27iPQU97jkRr1kbmZiGw8Y?authuser=0&hl=en&rclk=1
NS ENTERPRISE,Saharsa,4.5,,+91 99059 30402,,http://www.nsprinting.in/,"36, Batraha Rd, Ward Number 27, Batraha, Saharsa, Bihar 852201, India",https://www.google.com/maps/place/NS+ENTERPRISE/data=!4m7!3m6!1s0x39ee3d3f41ae844d:0x15c6fc06bc912d37!8m2!3d25.8687154!4d86.5895139!16s%2Fg%2F11q42wmw3x!19sChIJTYSuQT897jkRNy2RvAb8xhU?authuser=0&hl=en&rclk=1
MUSKAN INTERNET XEROX,Saharsa,1.0,,Not Available,,Not Available,"FRONT OF HEAD POST OFFICE, VEER KUWAR SINGH CHOWK, Police Line, Saharsa, Bihar 852201, India",https://www.google.com/maps/place/MUSKAN+INTERNET+XEROX/data=!4m7!3m6!1s0x39ee3d1c7935bd0f:0x70e9f25caab2a08c!8m2!3d25.8837082!4d86.5913039!16s%2Fg%2F11fq5fwcqq!19sChIJD701eRw97jkRjKCyqlzy6XA?authuser=0&hl=en&rclk=1
SN ONLINE CAFE,Saharsa,,,Not Available,,https://www.nsprinting.in/,"Kahra Block Rd, near Pragti Classes, Shardha Nagar, Saharsa, Bihar 852201, India",https://www.google.com/maps/place/SN+ONLINE+CAFE/data=!4m7!3m6!1s0x39ee17028a313353:0xcaf6c0d607461a12!8m2!3d25.8708553!4d86.5837829!16s%2Fg%2F11n585y5vk!19sChIJUzMxigIX7jkREhpGB9bA9so?authuser=0&hl=en&rclk=1
S2 Cyber Cafe,Saharsa,5.0,,+91 82926 63745,,Not Available,"Shop No 12 Ward, Saharsa, 05, Main Rd, Simribaktiyarpur, Bihar 852127, India",https://www.google.com/maps/place/S2+Cyber+Cafe/data=!4m7!3m6!1s0x39ee23a16bc8d451:0xcf34a61b5babb271!8m2!3d25.7221871!4d86.5908592!16s%2Fg%2F11vs0x1hg2!19sChIJUdTIa6Ej7jkRcbKrWxumNM8?authuser=0&hl=en&rclk=1
PRITAM ONLINE SEVA ( CSC - वसुधा केन्द्र),Saharsa,,,+91 99558 30411,,Not Available,"opp. MOHAN SAH MIDDLE SCHOOL, Bariyahi Bazar, Saharsa, Bariyahi, Bihar 852212, India",https://www.google.com/maps/place/PRITAM+ONLINE+SEVA+%28+CSC+-+%E0%A4%B5%E0%A4%B8%E0%A5%81%E0%A4%A7%E0%A4%BE+%E0%A4%95%E0%A5%87%E0%A4%A8%E0%A5%8D%E0%A4%A6%E0%A5%8D%E0%A4%B0%29/data=!4m7!3m6!1s0x39ee17ed87f87513:0xac93769aef5ec3c2!8m2!3d25.8646108!4d86.5376926!16s%2Fg%2F11nms7vc9b!19sChIJE3X4h-0X7jkRwsNe75p2k6w?authuser=0&hl=en&rclk=1
Gyani Common service centre,Saharsa,5.0,,+91 82960 13170,,Not Available,"QRGF+MF8, Saharsa, Bihar 852217, India",https://www.google.com/maps/place/Gyani+Common+service+centre/data=!4m7!3m6!1s0x39ee2d007f7f3289:0xa6ef6ef950806a4!8m2!3d25.7766585!4d86.8237013!16s%2Fg%2F11vwr0j3vc!19sChIJiTJ_fwAt7jkRpAYIle_2bgo?authuser=0&hl=en&rclk=1
Ayub InterNet Cafe,Saharsa,3.5,41.0,+91 86517 68090,,Not Available,"At Lakshminiya Ward No 02 Post Dhanchhoha P/S Saur Bazar Dist Saharsa Pin Code 852121, SAHARSA, Bihar 852121, India",https://www.google.com/maps/place/Ayub+InterNet+Cafe/data=!4m7!3m6!1s0x39ee3b4021974f71:0x6d86a22dc5496225!8m2!3d25.881014!4d86.6959852!16s%2Fg%2F11w1x0ymct!19sChIJcU-XIUA77jkRJWJJxS2ihm0?authuser=0&hl=en&rclk=1
Harsh Internet Cafe And Sringar,Saharsa,5.0,,Not Available,,Not Available,"VHQH+VXP, Naya Bazar, Saharsa, Bihar 852201, India",https://www.google.com/maps/place/Harsh+Internet+Cafe+And+Sringar/data=!4m7!3m6!1s0x39ee3df65b3d4b35:0xb381ba8907a6bd86!8m2!3d25.8897029!4d86.5799394!16s%2Fg%2F11hbl0qzpm!19sChIJNUs9W_Y97jkRhr2mB4m6gbM?authuser=0&hl=en&rclk=1
Manoj flower decoration tiri & cyber cafe,Saharsa,4.3,,Not Available,,Not Available,"Saharsa, Tiri, Bihar 852221, India",https://www.google.com/maps/place/Manoj+flower+decoration+tiri+%26+cyber+cafe/data=!4m7!3m6!1s0x39ee3b3f9f61d69b:0x3500acf3811fca37!8m2!3d25.8818645!4d86.6760108!16s%2Fg%2F11rchtr7sf!19sChIJm9Zhnz877jkRN8ofgfOsADU?authuser=0&hl=en&rclk=1
Kanhaiya Digital Seva saharsa,Saharsa,4.7,,+91 72092 39820,,Not Available,"Mahavir Chowk, Bangowan Road, Saharsa, Bihar 852202, India",https://www.google.com/maps/place/Kanhaiya+Digital+Seva+saharsa/data=!4m7!3m6!1s0x39ee3d91d248cfdf:0x4e91abb59abf7bd1!8m2!3d25.8904886!4d86.6157101!16s%2Fg%2F11dynvmvk6!19sChIJ389I0pE97jkR0Xu_mrWrkU4?authuser=0&hl=en&rclk=1
The Cyber Cafe,Saharsa,,,Not Available,,Not Available,"ward no, Meer Tola Chowk, 38, Bangaon Rd, Saharsa, Bihar 852201, India",https://www.google.com/maps/place/The+Cyber+Cafe/data=!4m7!3m6!1s0x39ee3d716740efdf:0x7a7e381d61b47189!8m2!3d25.8750704!4d86.5872638!16s%2Fg%2F11z1_tlm15!19sChIJ3-9AZ3E97jkRiXG0YR04fno?authuser=0&hl=en&rclk=1
"Tiri, ps- Sourbazar Saharsa, Bihar",Saharsa,4.4,,Not Available,,Not Available,"Tiri, ps, Saur Bazar, Saharsa, Bihar 852221, India","https://www.google.com/maps/place/Tiri,+ps-+Sourbazar+Saharsa,+Bihar/data=!4m7!3m6!1s0x39ee3bbb5b4b7c5d:0xa45a46f6c2f03bec!8m2!3d25.8298571!4d86.6735579!16s%2Fg%2F11p4c57fjl!19sChIJXXxLW7s77jkR7DvwwvZGWqQ?authuser=0&hl=en&rclk=1"
Amit Internet Cafe,Saharsa,,,Not Available,,Not Available,"Kachahri Dhala, Police Line, Saharsa, Bihar 852202, India",https://www.google.com/maps/place/Amit+Internet+Cafe/data=!4m7!3m6!1s0x39ee3dc50f58c8d5:0x8d2755388c0f0eae!8m2!3d25.8967481!4d86.5936204!16s%2Fg%2F11ypghj0s1!19sChIJ1chYD8U97jkRrg4PjDhVJ40?authuser=0&hl=en&rclk=1
KUBER TELECOME & ONLINE CENTER,Saharsa,,,Not Available,,Not Available,"Ranginiya Ward no-14 NH-107 Simri Bakhtiyarpur, Saharsa, Bihar 852127, India",https://www.google.com/maps/place/KUBER+TELECOME+%26+ONLINE+CENTER/data=!4m7!3m6!1s0x39ee231b25eadda9:0xe85fbe6e70339ff5!8m2!3d25.7266206!4d86.6097815!16s%2Fg%2F11tdcj84pl!19sChIJqd3qJRsj7jkR9Z8zcG6-X-g?authuser=0&hl=en&rclk=1
Masomat pokhar ward no 7 saharsa,Saharsa,3.7,,Not Available,,Not Available,"VHFQ+WJW, Bangaon Rd, Ward Number 22, Krishna Nagar, Saharsa, Bihar 852201, India",https://www.google.com/maps/place/Masomat+pokhar+ward+no+7+saharsa/data=!4m7!3m6!1s0x39ee3d21605088d1:0xe48c14c07ef845bd!8m2!3d25.8748698!4d86.5890775!16s%2Fg%2F11t79dmq9k!19sChIJ0YhQYCE97jkRvUX4fsAUjOQ?authuser=0&hl=en&rclk=1
DIGITAL INDIA (All in one) डिजिटल इंडिया (ऑल इन वन),Saharsa,4.0,,+91 90066 63671,,Not Available,"Ward no - 40, 41, Uchhahi Nagar, Bangoaw road, Refugee Colony, Shardha Nagar, Kahra, Saharsa, Bihar 852202, India",https://www.google.com/maps/place/DIGITAL+INDIA+%28All+in+one%29+%E0%A4%A1%E0%A4%BF%E0%A4%9C%E0%A4%BF%E0%A4%9F%E0%A4%B2+%E0%A4%87%E0%A4%82%E0%A4%A1%E0%A4%BF%E0%A4%AF%E0%A4%BE+%28%E0%A4%91%E0%A4%B2+%E0%A4%87%E0%A4%A8+%E0%A4%B5%E0%A4%A8%29/data=!4m7!3m6!1s0x39ee17db8abcad77:0x78069a23a3bdf50!8m2!3d25.8734108!4d86.5808514!16s%2Fg%2F11j20np0tf!19sChIJd628itsX7jkRUN87OqJpgAc?authuser=0&hl=en&rclk=1
Sonu Cyber Cafe,Saharsa,5.0,3.0,Not Available,,Not Available,"Ward No-06, Saraswati Nagar, Chowk, Saharsa-Agwanpur-Bihra Rd, near Khantar, Police Line, Saharsa, Bihar 852202, India",https://www.google.com/maps/place/Sonu+Cyber+Cafe/data=!4m7!3m6!1s0x39ee3d36b277e963:0xc39c491340356b7a!8m2!3d25.9002098!4d86.5822263!16s%2Fg%2F11l73g91j2!19sChIJY-l3sjY97jkRems1QBNJnMM?authuser=0&hl=en&rclk=1
"Sisai,saharsa bihar",Saharsa,,,Not Available,,Not Available,"WHC8+XWM, Agvanpur College Rd, Sisai, Sihoul, Bihar 852202, India","https://www.google.com/maps/place/Sisai,saharsa+bihar/data=!4m7!3m6!1s0x39ee150018bfa01f:0x81cdca597ab75806!8m2!3d25.9224608!4d86.5673009!16s%2Fg%2F11xkhk95f4!19sChIJH6C_GAAV7jkRBli3elnKzYE?authuser=0&hl=en&rclk=1"
Musharniya hanuman mandir,Saharsa,4.3,,Not Available,,Not Available,"WMC6+CCR, Saharsa, Bihar 852221, India",https://www.google.com/maps/place/Musharniya+hanuman+mandir/data=!4m7!3m6!1s0x39ee3faa2336f991:0x2b26d36ae269c04b!8m2!3d25.9211069!4d86.6610109!16s%2Fg%2F11k6p7stlk!19sChIJkfk2I6o_7jkRS8Bp4mrTJis?authuser=0&hl=en&rclk=1
Raja Online Centre,Saharsa,2.5,,Not Available,,Not Available,"Marufganj Road, near Ayush Computers Po, Ps, Batraha, Saharsa, Bihar 852201, India",https://www.google.com/maps/place/Raja+Online+Centre/data=!4m7!3m6!1s0x39ee3d006bfa53c3:0x31908339ac796979!8m2!3d25.8734705!4d86.5920779!16s%2Fg%2F11y3_d904x!19sChIJw1P6awA97jkReWl5rDmDkDE?authuser=0&hl=en&rclk=1
C S P Kendra,Saharsa,5.0,,+91 77630 40508,,Not Available,"Thana Chowk Thana Chowk, Saharsa, Bihar 852113, India",https://www.google.com/maps/place/C+S+P+Kendra/data=!4m7!3m6!1s0x39ee370ffab7052f:0xe97ad8a2afce90b1!8m2!3d25.9204327!4d86.791757!16s%2Fg%2F11sd27plmc!19sChIJLwW3-g837jkRsZDOr6LYeuk?authuser=0&hl=en&rclk=1
Pyush Digital Seva Kanchanpur Kachra Sourbazar Saharsa,Saharsa,4.0,,Not Available,,Not Available,"QMRX+R54, Bihar 852221, India",https://www.google.com/maps/place/Pyush+Digital+Seva+Kanchanpur+Kachra+Sourbazar+Saharsa/data=!4m7!3m6!1s0x39ee25786ceb7a89:0x4be58f428bb0eea!8m2!3d25.792019!4d86.6979389!16s%2Fg%2F11h_v5flg3!19sChIJiXrrbHgl7jkR6g67KPRYvgQ?authuser=0&hl=en&rclk=1
"Kursed Internet Cafe, (CSC VLE) VASUDHA KENDRA",Saharsa,,,+91 87098 11916,,Not Available,"At+Po Dhanchhoha Ps Sourbazar, Saharsa, Bihar 852121, India","https://www.google.com/maps/place/Kursed+Internet+Cafe,+%28CSC+VLE%29+VASUDHA+KENDRA/data=!4m7!3m6!1s0x39ee3b758cb17725:0xea352437489de227!8m2!3d25.9037413!4d86.700604!16s%2Fg%2F11smk6_p66!19sChIJJXexjHU77jkRJ-KdSDckNeo?authuser=0&hl=en&rclk=1"
Sachin Gupta,Saharsa,,,Not Available,,Not Available,"Ward No 06, near Petrolel Pump, Sonbarsa, Saharsa, Bihar 852106, India",https://www.google.com/maps/place/Sachin+Gupta/data=!4m7!3m6!1s0x39ee238056694611:0xf10f065b11a13df3!8m2!3d25.800571!4d86.5943348!16s%2Fg%2F11w3zmv171!19sChIJEUZpVoAj7jkR8z2hEVsGD_E?authuser=0&hl=en&rclk=1
Seharsa.,Saharsa,,,Not Available,,Not Available,"ISLAMIYA CHOWK, Gangjala Chowk Dhala, Sant Nagar, Saharsa, Bihar 852201, India",https://www.google.com/maps/place/Seharsa./data=!4m7!3m6!1s0x39ee3d0071eede21:0x46aff057a851983d!8m2!3d25.88595!4d86.601638!16s%2Fg%2F11ms8szhlr!19sChIJId7ucQA97jkRPZhRqFfwr0Y?authuser=0&hl=en&rclk=1
RANJAN CYBER CAFE,Saharsa,,,+91 78701 53303,,Not Available,"Vidyapati Nagar, Sant Nagar, Saharsa, Bihar 852201, India",https://www.google.com/maps/place/RANJAN+CYBER+CAFE/data=!4m7!3m6!1s0x39ee3d15f8b1cdb1:0x23c82613edfb20bf!8m2!3d25.8774236!4d86.6025377!16s%2Fg%2F11j7x3nsvj!19sChIJsc2x-BU97jkRvyD77RMmyCM?authuser=0&hl=en&rclk=1
SuperNet Digital Solutions,Saharsa,3.9,,+91 70333 49549,,Not Available,"07, near WHO Office, Saharsa, Bihar 852201, India",https://www.google.com/maps/place/SuperNet+Digital+Solutions/data=!4m7!3m6!1s0x39ee3d8e8e443a15:0x84cc5205730c917!8m2!3d25.8762402!4d86.5874834!16s%2Fg%2F11c744qtld!19sChIJFTpEjo497jkRF8kwVyDFTAg?authuser=0&hl=en&rclk=1
CSC DIGITAL SEVA KENDRA,Saharsa,,,+91 77659 61190,,Not Available,"Hunaman chowk, Police Line, Agwanpur, Saharsa, Bihar 852201, India",https://www.google.com/maps/place/CSC+DIGITAL+SEVA+KENDRA/data=!4m7!3m6!1s0x39ee3d600c736af7:0x7345acd39a9e5878!8m2!3d25.8964453!4d86.5853652!16s%2Fg%2F11zk77qwtz!19sChIJ92pzDGA97jkReFiemtOsRXM?authuser=0&hl=en&rclk=1
Studio Gagan,Saharsa,4.1,,+91 94316 90381,,Not Available,"Ward no 40, Subhash chowk, Bangaon Rd, Refugee Colony, Krishna Nagar, Saharsa, Bihar 852201, India",https://www.google.com/maps/place/Studio+Gagan/data=!4m7!3m6!1s0x39ee3d88f9157171:0x941744feea9e79ec!8m2!3d25.8745173!4d86.5911184!16s%2Fg%2F11b5wqkfhk!19sChIJcXEV-Yg97jkR7Hme6v5EF5Q?authuser=0&hl=en&rclk=1
Maa Digital Service & mobile repayring centre,Saharsa,,,Not Available,,Not Available,"Bengha, road, baypass, Saharsa, Bihar 852202, India",https://www.google.com/maps/place/Maa+Digital+Service+%26+mobile+repayring+centre/data=!4m7!3m6!1s0x39ee17479e5e0b73:0x10a599b8f87d3232!8m2!3d25.8761648!4d86.572048!16s%2Fg%2F11sck7xwy9!19sChIJcwtenkcX7jkRMjJ9-LiZpRA?authuser=0&hl=en&rclk=1
Mr Shad,Saharsa,5.0,,Not Available,,Not Available,"VJH6+CF2, near R M College, Tiwari Tola, Aadarsh Nagar, Saharsa, Bihar 852202, India",https://www.google.com/maps/place/Mr+Shad/data=!4m7!3m6!1s0x39ee3df97eae9bd1:0x89e9e01c196cef9b!8m2!3d25.8785114!4d86.6111491!16s%2Fg%2F11n5krgqh_!19sChIJ0Zuufvk97jkRm-9sGRzg6Yk?authuser=0&hl=en&rclk=1
PRAMOD CYBER CAFE,Saharsa,,,Not Available,,Not Available,"VJC2+333, Kayasth Tola St, Jay Prabha Nagar, Saharsa, Bihar 852201, India",https://www.google.com/maps/place/PRAMOD+CYBER+CAFE/data=!4m7!3m6!1s0x39ee3d0023076feb:0xdbb6ea528c73256!8m2!3d25.8701384!4d86.600164!16s%2Fg%2F11yp_4p4nk!19sChIJ628HIwA97jkRVjLHKKVuuw0?authuser=0&hl=en&rclk=1
IT Star - InterNet Service Provider,Saharsa,4.0,,Not Available,,Not Available,"Mahavir Chowk, Naya Bazar, Saharsa, Bihar 852201, India",https://www.google.com/maps/place/IT+Star+-+InterNet+Service+Provider/data=!4m7!3m6!1s0x39ee3d91cdd0b8c9:0xc1381537dd925acb!8m2!3d25.8749373!4d86.5913235!16s%2Fg%2F11f1kg44qz!19sChIJybjQzZE97jkRy1qS3TcVOME?authuser=0&hl=en&rclk=1
Raju Online Centre,Saharsa,4.0,,Not Available,,Not Available,"Hasa Hakpara, Saharsa, Bihar 852124, India",https://www.google.com/maps/place/Raju+Online+Centre/data=!4m7!3m6!1s0x39ee3ff7c5e623b9:0x47d638d38c8143ef!8m2!3d25.9091675!4d86.5909684!16s%2Fg%2F11kk7mqwnf!19sChIJuSPmxfc_7jkR70OBjNM41kc?authuser=0&hl=en&rclk=1
"ANU INTERNET SEVA ,pro. Gopal Sharma, Sharma Chowk simri Bakhtiyarpur Saharsa Bihar",Saharsa,5.0,,+91 97098 79062,,Not Available,"PHCR+V69 M/S GOPAL SHARMA, Main Rd, Ward No 11, Bhaktiarpur, Bihar 852127, India","https://www.google.com/maps/place/ANU+INTERNET+SEVA+,pro.+Gopal+Sharma,+Sharma+Chowk+simri+Bakhtiyarpur+Saharsa+Bihar/data=!4m7!3m6!1s0x39ee221ccaeac00d:0x1afcb6e837cf5f8c!8m2!3d25.7221536!4d86.5906221!16s%2Fg%2F11fxx4sc_d!19sChIJDcDqyhwi7jkRjF_PN-i2_Bo?authuser=0&hl=en&rclk=1"
Ashrafi Online Seva,Saharsa,5.0,,+91 90607 73030,,Not Available,"Nawab Road, ward no - 07 Rani Bagh, Bhaktiarpur, Bihar 852127, India",https://www.google.com/maps/place/Ashrafi+Online+Seva/data=!4m7!3m6!1s0x39ee233821b835a9:0xdb5f793a3ee28b33!8m2!3d25.7264221!4d86.5964045!16s%2Fg%2F11jwf_1q60!19sChIJqTW4ITgj7jkRM4viPjp5X9s?authuser=0&hl=en&rclk=1
Vasudha kendra and Aadhar Seva Kendra,Saharsa,3.4,,+91 77650 74131,,Not Available,"Tiwari tola, Near RMCollage, Bypass Rd, Sanatan nagar, Bihar 852202, India",https://www.google.com/maps/place/Vasudha+kendra+and+Aadhar+Seva+Kendra/data=!4m7!3m6!1s0x39ee3d5363444479:0x7e161b278366841e!8m2!3d25.8794675!4d86.6115102!16s%2Fg%2F11srqhfk8w!19sChIJeUREY1M97jkRHoRmgycbFn4?authuser=0&hl=en&rclk=1
Ashu,Saharsa,5.0,,+91 95077 35251,,Not Available,"Ward No 19, Ramesh Jha Rd, Sant Nagar, Begusarai, Saharsa, Bihar 852201, India",https://www.google.com/maps/place/Ashu/data=!4m7!3m6!1s0x39ee3d485a51499d:0xb367df4ba042260e!8m2!3d25.8819506!4d86.5970083!16s%2Fg%2F11s99v9w0q!19sChIJnUlRWkg97jkRDiZCoEvfZ7M?authuser=0&hl=en&rclk=1
Navya Cyber Cafe,Saharsa,,,Not Available,,Not Available,"001, Rajhanpur - Karanpur Rd, Rajanpur, Saharsa, Bihar 852106, India",https://www.google.com/maps/place/Navya+Cyber+Cafe/data=!4m7!3m6!1s0x39ee1bb6634bb21d:0x3f2f379055a70eb8!8m2!3d25.7897505!4d86.4666627!16s%2Fg%2F11zhyn3tjc!19sChIJHbJLY7Yb7jkRuA6nVZA3Lz8?authuser=0&hl=en&rclk=1
Maa durga online centre,Saharsa,,,Not Available,,Not Available,"Panchwati chowk, Rajwanshi Nagar, Saharsa, Bihar 852201, India",https://www.google.com/maps/place/Maa+durga+online+centre/data=!4m7!3m6!1s0x39ee3d0023fe85db:0x614ab435a615ba60!8m2!3d25.8847552!4d86.5989791!16s%2Fg%2F11n3lhysk3!19sChIJ24X-IwA97jkRYLoVpjW0SmE?authuser=0&hl=en&rclk=1
TANYA CSC CENTER,Saharsa,,,Not Available,,Not Available,"VHGV+W4V, Naya Bazar, Saharsa, Bihar 852201, India",https://www.google.com/maps/place/TANYA+CSC+CENTER/data=!4m7!3m6!1s0x39ee3d005095c893:0xda312b3348757ecc!8m2!3d25.8773651!4d86.5927887!16s%2Fg%2F11yylhxcdr!19sChIJk8iVUAA97jkRzH51SDMrMdo?authuser=0&hl=en&rclk=1
Ankesh Common Service Center,Saharsa,,,+91 86748 41899,,Not Available,"Id Singh Chowk, Naya Bazar, Saharsa, Bihar 852202, India",https://www.google.com/maps/place/Ankesh+Common+Service+Center/data=!4m7!3m6!1s0x39ee3d893239f747:0xfcf8a8d060e5bc14!8m2!3d25.8775578!4d86.5805458!16s%2Fg%2F11n3yzs2qp!19sChIJR_c5Mok97jkRFLzlYNCo-Pw?authuser=0&hl=en&rclk=1
Ns Printing,Saharsa,4.0,,+91 62071 51519,,http://www.nsprinting.in/,"Ward No 26/35, Vidhayak Alok, Ranjan Road, Bhartiya Nagar, Krishna Nagar, Saharsa, Bihar 852201, India",https://www.google.com/maps/place/Ns+Printing/data=!4m7!3m6!1s0x39ee3dab0854418b:0x4dfe563306e9acf7!8m2!3d25.868991!4d86.5928836!16s%2Fg%2F11lzf3m5_q!19sChIJi0FUCKs97jkR96zpBjNW_k0?authuser=0&hl=en&rclk=1
Aryavarta Bihar Foundation,Saharsa,,,+91 94704 90064,,Not Available,"Sona Vasudha Kendra, Dhabauli Kapsiya Rd, Saharsa, Bihar 852107, India",https://www.google.com/maps/place/Aryavarta+Bihar+Foundation/data=!4m7!3m6!1s0x39ee31005a32fccb:0xb38edefba81508bc!8m2!3d25.8262484!4d86.7885482!16s%2Fg%2F11mzntjsp5!19sChIJy_wyWgAx7jkRvAgVqPvejrM?authuser=0&hl=en&rclk=1
GALAXY COMPUTERS,Saharsa,4.6,,+91 94702 17930,,https://galaxy-computers.grexa.site/,"D.B Road Hotel Satkar Complex, in front of Banzara Resturant, Saharsa, Bihar 852201, India",https://www.google.com/maps/place/GALAXY+COMPUTERS/data=!4m7!3m6!1s0x39ee3d924942068d:0xe3ab638ae512437b!8m2!3d25.8787775!4d86.5926112!16s%2Fg%2F11crzjwchn!19sChIJjQZCSZI97jkRe0MS5Ypjq-M?authuser=0&hl=en&rclk=1
Tulsyan Computers,Saharsa,4.9,,+91 93344 75188,,Not Available,"Mahavir Chowk, Bangaon Rd, near Roopwati Girls School, Ward Number 22, Krishna Nagar, Saharsa, Bihar 852201, India",https://www.google.com/maps/place/Tulsyan+Computers/data=!4m7!3m6!1s0x39ee3dc2bbf86f7b:0x3da7ad8395964719!8m2!3d25.8745063!4d86.5911226!16s%2Fg%2F11kjyc8k2k!19sChIJe2_4u8I97jkRGUeWlYOtpz0?authuser=0&hl=en&rclk=1
Priyanshu Online Zone,Saharsa,5.0,,+91 74910 00393,,Not Available,"Shop No 17 Ward No 22, Sharma Chowk, Bhaktiarpur, Bihar 852127, India",https://www.google.com/maps/place/Priyanshu+Online+Zone/data=!4m7!3m6!1s0x39ee23e6fc9f6495:0x1b8408ab7233d654!8m2!3d25.7223747!4d86.5899327!16s%2Fg%2F11ln_rm51g!19sChIJlWSf_OYj7jkRVNYzcqsIhBs?authuser=0&hl=en&rclk=1
Fazal Computer,Saharsa,3.0,,+91 91990 85085,,Not Available,"Meer Tola Rd, Naya Bazar, Saharsa, Bihar 852202, India",https://www.google.com/maps/place/Fazal+Computer/data=!4m7!3m6!1s0x39ee3d668c60c50d:0xdff65a5f509e201c!8m2!3d25.8751715!4d86.5840734!16s%2Fg%2F11ndvdpcyq!19sChIJDcVgjGY97jkRHCCeUF9a9t8?authuser=0&hl=en&rclk=1
"Ayush Sadi card , printing press,",Saharsa,,,+91 98012 00622,,Not Available,"Saharsa - Simri Bakhtiyarpur - Shalkhua Rd, Sonbarsa Kachahari, Bishunpur, Bihar 852106, India","https://www.google.com/maps/place/Ayush+Sadi+card+,+printing+press,/data=!4m7!3m6!1s0x39ee23cb4f930585:0x8bd8b2a367b933d5!8m2!3d25.795704!4d86.595469!16s%2Fg%2F11mh_mq9k3!19sChIJhQWTT8sj7jkR1TO5Z6Oy2Is?authuser=0&hl=en&rclk=1"
MAA KIRAN CYBER CAFE,Saharsa,,,+91 76311 99820,,Not Available,"WARD 11, KARTIK MANDIR, GADH BAZAR SONBARSA RAJ, SAHARSA, Amirta, Bihar 852217, India",https://www.google.com/maps/place/MAA+KIRAN+CYBER+CAFE/data=!4m7!3m6!1s0x39ee2fc6bf6f5945:0xed7d89b43089b67a!8m2!3d25.7574276!4d86.7624795!16s%2Fg%2F11xvpvsrbp!19sChIJRVlvv8Yv7jkReraJMLSJfe0?authuser=0&hl=en&rclk=1
V.K. COMPUTERS & STATIONERY,Saharsa,4.2,,+91 91350 74022,,https://vkcsaharsa.blogspot.com/,"ward number 12, Gautam Nagar Rd, near bumphar chauk, Rajwanshi Nagar, Saharsa, Bihar 852201, India",https://www.google.com/maps/place/V.K.+COMPUTERS+%26+STATIONERY/data=!4m7!3m6!1s0x39ee3de90d144f1b:0x6c4c746db27406a5!8m2!3d25.890122!4d86.5974533!16s%2Fg%2F11c37r14j3!19sChIJG08UDek97jkRpQZ0sm10TGw?authuser=0&hl=en&rclk=1
Gagan Internet Sewa गगन इन्टरनेट सेवा,Saharsa,5.0,,+91 80928 71923,,https://studiogagan.blogspot.com/,"chowk, Bangaon Rd, Refugee Colony, Naya Bazar, Saharsa, Bihar 852201, India",https://www.google.com/maps/place/Gagan+Internet+Sewa+%E0%A4%97%E0%A4%97%E0%A4%A8+%E0%A4%87%E0%A4%A8%E0%A5%8D%E0%A4%9F%E0%A4%B0%E0%A4%A8%E0%A5%87%E0%A4%9F+%E0%A4%B8%E0%A5%87%E0%A4%B5%E0%A4%BE/data=!4m7!3m6!1s0x39ee3d8b7630d07f:0xde5b59369f727f18!8m2!3d25.8737735!4d86.5833075!16s%2Fg%2F11h21y_2pj!19sChIJf9Awdos97jkRGH9ynzZZW94?authuser=0&hl=en&rclk=1
Abhiraj Internet Cafe,Saharsa,5.0,,Not Available,,Not Available,"Ganjala chowk Nagar Parishad gate ke samne abhiraj internet cafe Ajay Cted classes ke Bagal mein ward number 18 ganjala, Saharsa, Bihar 852201, India",https://www.google.com/maps/place/Abhiraj+Internet+Cafe/data=!4m7!3m6!1s0x39ee3d5bdf5721f1:0x97ba09b8a450a7b6!8m2!3d25.8833826!4d86.5969545!16s%2Fg%2F11rvlzw5m_!19sChIJ8SFX31s97jkRtqdQpLgJupc?authuser=0&hl=en&rclk=1
Manohar internet cafe,Saharsa,5.0,,+91 80023 74099,,https://linktr.ee/Koshi_information,"Gangjala chowk,,Saharsa Nagar palika chowk saharsa Ward-18, Bihar 852201, India",https://www.google.com/maps/place/Manohar+internet+cafe/data=!4m7!3m6!1s0x39ee3dd1161ae2f1:0xeef2ec218d68bfa4!8m2!3d25.8833175!4d86.5968269!16s%2Fg%2F11rylf_w0d!19sChIJ8eIaFtE97jkRpL9ojSHs8u4?authuser=0&hl=en&rclk=1
Niraj Kumar,Saharsa,1.0,,+91 82928 20945,,Not Available,"Gram Govardhanpur, Post Bariyarpur Bakhtiyarpur, Sonpura, Jila Saharsa Bihar 852127, Bihar 852127, India",https://www.google.com/maps/place/Niraj+Kumar/data=!4m7!3m6!1s0x39ee197a894e4a39:0x2fca3b7f4915bf9d!8m2!3d25.736751!4d86.546146!16s%2Fg%2F11mdvvn3xg!19sChIJOUpOiXoZ7jkRnb8VSX87yi8?authuser=0&hl=en&rclk=1
A.K. COMMON SERVICE CENTRE,Saharsa,,,+91 87095 91119,,https://youtube.com/@AllGyaninHindi?si=jNZkwXtK3JOd0gwA,Not Available,https://www.google.com/maps/place/A.K.+COMMON+SERVICE+CENTRE/data=!4m7!3m6!1s0x27607092448bd061:0x96aa74852dce4076!8m2!3d26.0213391!4d86.4389627!16s%2Fg%2F11y48yjfln!19sChIJYdCLRJJwYCcRdkDOLYV0qpY?authuser=0&hl=en&rclk=1
DIGITAL INDIA ( All In One),Saharsa,3.8,,+91 85211 65658,,Not Available,"Koshi Chowk, near SBI ATM, Rajwanshi Nagar, Saharsa, Bihar 852201, India",https://www.google.com/maps/place/DIGITAL+INDIA+%28+All+In+One%29/data=!4m7!3m6!1s0x39ee3de8eabcb1b9:0x64c03e39566323a9!8m2!3d25.8936733!4d86.5968833!16s%2Fg%2F11f3xgpj74!19sChIJubG86ug97jkRqSNjVjk-wGQ?authuser=0&hl=en&rclk=1
Pushpanjali Cyber Cafe,Saharsa,5.0,,+91 87573 37964,,Not Available,"Bengha Road Sarahi Ward No 05, Bihar 852202, India",https://www.google.com/maps/place/Pushpanjali+Cyber+Cafe/data=!4m7!3m6!1s0x39ee17ba4c6d30ff:0x247b9f92f5d58f97!8m2!3d25.8864526!4d86.5741018!16s%2Fg%2F11ptzrg4p6!19sChIJ_zBtTLoX7jkRl4_V9ZKfeyQ?authuser=0&hl=en&rclk=1
M/s Digital Studio Lachhminiya,Saharsa,5.0,,Not Available,,Not Available,"Saharsa, Bihar 852221, India",https://www.google.com/maps/place/M%2Fs+Digital+Studio+Lachhminiya/data=!4m7!3m6!1s0x39ee3b5866886e75:0x5350097c729740ba!8m2!3d25.8795298!4d86.6955323!16s%2Fg%2F11qrkvhyv2!19sChIJdW6IZlg77jkRukCXcnwJUFM?authuser=0&hl=en&rclk=1
Online Center (Infront Of Jama Masjid),Saharsa,5.0,,+91 76310 18944,,Not Available,"INFRONT OF JAMA MASJID, Saharsa Basti Ward Number 31, Hatiya Gachhi, Saharsa, Bihar 852201, India",https://www.google.com/maps/place/Online+Center+%28Infront+Of+Jama+Masjid%29/data=!4m7!3m6!1s0x39ee3d00107c6033:0x313b91bc0906ac81!8m2!3d25.8734796!4d86.610766!16s%2Fg%2F11y76zhjxj!19sChIJM2B8EAA97jkRgawGCbyROzE?authuser=0&hl=en&rclk=1
Sunrise Internet Cafe,Saharsa,,,+91 87099 88921,,Not Available,"54, Tiranga chowk, Bypass Rd, Sant Nagar, Saharsa, Bihar 852201, India",https://www.google.com/maps/place/Sunrise+Internet+Cafe/data=!4m7!3m6!1s0x39ee3dc11dec63c3:0x409df838bbd1b1cf!8m2!3d25.886594!4d86.604024!16s%2Fg%2F11k3wtn805!19sChIJw2PsHcE97jkRz7HRuzj4nUA?authuser=0&hl=en&rclk=1
RISHABH INFOTECH,Saharsa,5.0,,Not Available,,Not Available,"Hanuman Chowk, Rajwanshi Nagar, Saharsa, Bihar 852201, India",https://www.google.com/maps/place/RISHABH+INFOTECH/data=!4m7!3m6!1s0x39ee3dff553fd829:0x875a9dd57c43f4a2!8m2!3d25.8874056!4d86.605499!16s%2Fg%2F11wwffvnk3!19sChIJKdg_Vf897jkRovRDfNWdWoc?authuser=0&hl=en&rclk=1
S.K. Internet Cafe,Saharsa,0.0,,+91 70708 73649,,Not Available,"Baijnathpur ward no 22 hatiya, near manohar High school, Baijnathpur, Bihar 852221, India",https://www.google.com/maps/place/S.K.+Internet+Cafe/data=!4m7!3m6!1s0x39ee3db758a1cb7d:0xd6b062e2f45f5f90!8m2!3d25.8895168!4d86.6456888!16s%2Fg%2F11svlgv7cj!19sChIJfcuhWLc97jkRkF9f9OJisNY?authuser=0&hl=en&rclk=1
Jai Maa Telecome and comman service center Sonbarsa Saharsa Bihar,Saharsa,,,+91 80511 11628,,Not Available,"Amrita Word No 03, Neae gas  agency, Saharsa, Bihar 852217, India",https://www.google.com/maps/place/Jai+Maa+Telecome+and+comman+service+center+Sonbarsa+Saharsa+Bihar/data=!4m7!3m6!1s0x39ee2f35b52532d9:0x1ad27d9e2c82de00!8m2!3d25.7648724!4d86.7693441!16s%2Fg%2F11t51hkp5x!19sChIJ2TIltTUv7jkRAN6CLJ590ho?authuser=0&hl=en&rclk=1
"SURUCHI CYBER CAFE,सुरुचि साईबर कैफ़े",Saharsa,,,Not Available,,Not Available,"Murli-Basantpur Rd, Murli, Saharsa, Bihar 852202, India","https://www.google.com/maps/place/SURUCHI+CYBER+CAFE,%E0%A4%B8%E0%A5%81%E0%A4%B0%E0%A5%81%E0%A4%9A%E0%A4%BF+%E0%A4%B8%E0%A4%BE%E0%A4%88%E0%A4%AC%E0%A4%B0+%E0%A4%95%E0%A5%88%E0%A5%9E%E0%A5%87/data=!4m7!3m6!1s0x39ee15cb45a7d601:0x2ace1a24e0b32f89!8m2!3d25.9042266!4d86.5510929!16s%2Fg%2F11sbkztzc1!19sChIJAdanRcsV7jkRiS-z4CQazio?authuser=0&hl=en&rclk=1"
Cyber Hub,Saharsa,0.0,,+91 82710 28820,,Not Available,"Shop No 12 Ward No 03, Man, Road, Saharsa, Bihar 852113, India",https://www.google.com/maps/place/Cyber+Hub/data=!4m7!3m6!1s0x39ee37825300a9ef:0x93891565658ae89a!8m2!3d25.9335528!4d86.7953962!16s%2Fg%2F11vq736w8c!19sChIJ76kAU4I37jkRmuiKZWUViZM?authuser=0&hl=en&rclk=1
Aarohi Digital Cyber Cafe,Saharsa,4.5,21.0,+91 80848 90342,,Not Available,"Bypass Rd, SHIVPURI, Saharsa, Bihar 852124, India",https://www.google.com/maps/place/Aarohi+Digital+Cyber+Cafe/data=!4m7!3m6!1s0x39ee3de9f03efa25:0x869cd2e7ac7f89f6!8m2!3d25.8940365!4d86.605114!16s%2Fg%2F11wttpcnwj!19sChIJJfo-8Ok97jkR9ol_rOfSnIY?authuser=0&hl=en&rclk=1
Er.Deepak place,Saharsa,,,Not Available,,Not Available,"VJM8+545, Hatiya Gachhi, Saharsa, Bihar 852202, India",https://www.google.com/maps/place/Er.Deepak+place/data=!4m7!3m6!1s0x39ee3d002e61cde7:0xdc3e58de6e82dc00!8m2!3d25.8828986!4d86.6153442!16s%2Fg%2F11ycb13jsn!19sChIJ581hLgA97jkRANyCbt5YPtw?authuser=0&hl=en&rclk=1
Mitthu,Saharsa,1.0,,+91 91287 98344,,Not Available,"Stadium, Tempo stand, Police Line, Hasa Hakpur, Saharsa, Bihar 852201, India",https://www.google.com/maps/place/Mitthu/data=!4m7!3m6!1s0x39ee3d6a2e199dd7:0xf57858edc6637ada!8m2!3d25.8976533!4d86.5937904!16s%2Fg%2F11vr7w4z0v!19sChIJ150ZLmo97jkR2npjxu1YePU?authuser=0&hl=en&rclk=1
Bhai Ki Dukaan,Saharsa,3.0,,+91 92638 12783,,Not Available,"Shop No 12 Ward No 05, Balwahat - Bhagdewa Rd, Saharsa, Kantho, Bihar 852106, India",https://www.google.com/maps/place/Bhai+Ki+Dukaan/data=!4m7!3m6!1s0x39ee1913f4abc0d9:0x93108f0f5a04a5b4!8m2!3d25.7915081!4d86.5251224!16s%2Fg%2F11m68kvn9j!19sChIJ2cCr9BMZ7jkRtKUEWg-PEJM?authuser=0&hl=en&rclk=1
Ekta Enterprises,Saharsa,5.0,,Not Available,,Not Available,"Professor Colony, Ward No. 16, near Polytechnic Railway Crossing, Saharsa, Bihar 852201, India",https://www.google.com/maps/place/Ekta+Enterprises/data=!4m7!3m6!1s0x39ee3dc59cd5f43b:0xd77f2fb89e766bc4!8m2!3d25.8851732!4d86.6066102!16s%2Fg%2F11hzzxcfbl!19sChIJO_TVnMU97jkRxGt2nrgvf9c?authuser=0&hl=en&rclk=1
Station Parking,Saharsa,,,+91 95705 32293,,Not Available,"Shop No 22 Ward No 22, Station Road, Saharsa, Bihar 852113, India",https://www.google.com/maps/place/Station+Parking/data=!4m7!3m6!1s0x39ee317122dcda5b:0x7d66b4f38cbe26e2!8m2!3d25.9094228!4d86.7828603!16s%2Fg%2F11wr3xv9w0!19sChIJW9rcInEx7jkR4ia-jPO0Zn0?authuser=0&hl=en&rclk=1
Sonu Digital Service & Banking Point,Saharsa,,,+91 79922 85691,,Not Available,"Shop No-12, Ward No-10, By pass Rd, near Arunit Gas Godwon, Ward Number 22, Kuti, Krishna Nagar, Kahra, Saharsa, Bihar 852201, India",https://www.google.com/maps/place/Sonu+Digital+Service+%26+Banking+Point/data=!4m7!3m6!1s0x39ee3d71cd715cc5:0x868c69ee0201e811!8m2!3d25.8744831!4d86.5913046!16s%2Fg%2F11x78hh0xv!19sChIJxVxxzXE97jkREegBAu5pjIY?authuser=0&hl=en&rclk=1
"A.k online Seva, Baluaha Bazar, saharsa",Saharsa,,,Not Available,,Not Available,"VFJ5+VX4,   ,  , , Baluaha, Khairaha, Bihar 852216, India","https://www.google.com/maps/place/A.k+online+Seva,+Baluaha+Bazar,+saharsa/data=!4m7!3m6!1s0x39ee1100399bd749:0x1e59cab8a1c7e1e1!8m2!3d25.882156!4d86.4601845!16s%2Fg%2F11mdkb414c!19sChIJSdebOQAR7jkR4eHHobjKWR4?authuser=0&hl=en&rclk=1"
Sunny kr sharma urf shanichar kumar,Saharsa,,,Not Available,,Not Available,"VM92+8J2, Saharsa, Bihar 852221, India",https://www.google.com/maps/place/Sunny+kr+sharma+urf+shanichar+kumar/data=!4m7!3m6!1s0x39ee3d0041c99419:0xe9324ee8ea838cdd!8m2!3d25.8682749!4d86.6515272!16s%2Fg%2F11zjkgq26c!19sChIJGZTJQQA97jkR3YyD6uhOMuk?authuser=0&hl=en&rclk=1
जहीर कॉमन सर्विस सेंटर,Saharsa,5.0,,Not Available,,Not Available,"WJQ8+CFQ, Chaugara-Laukaha-Saharsa Rd, Bishanpur, Bihar 852124, India",https://www.google.com/maps/place/%E0%A4%9C%E0%A4%B9%E0%A5%80%E0%A4%B0+%E0%A4%95%E0%A5%89%E0%A4%AE%E0%A4%A8+%E0%A4%B8%E0%A4%B0%E0%A5%8D%E0%A4%B5%E0%A4%BF%E0%A4%B8+%E0%A4%B8%E0%A5%87%E0%A4%82%E0%A4%9F%E0%A4%B0/data=!4m7!3m6!1s0x39ee3f0005454f95:0xf548b7c1cdbc5619!8m2!3d25.9385998!4d86.6162314!16s%2Fg%2F11xckw4h9r!19sChIJlU9FBQA_7jkRGVa8zcG3SPU?authuser=0&hl=en&rclk=1
Shyam Online Center,Saharsa,5.0,1.0,+91 86770 11372,,Not Available,"Purani Bazar Rd, Saharsa, Bihar 852113, India",https://www.google.com/maps/place/Shyam+Online+Center/data=!4m7!3m6!1s0x39ee371e3b50f3ef:0xcb752a97bec32f71!8m2!3d25.9251119!4d86.7947388!16s%2Fg%2F11sd7202r3!19sChIJ7_NQOx437jkRcS_Dvpcqdcs?authuser=0&hl=en&rclk=1
Shiv Shakti Online Seva,Saharsa,,,Not Available,,Not Available,"RMPM+3GC, Kanp Road, Saur Bazar, Saharsa, Bihar 852221, India",https://www.google.com/maps/place/Shiv+Shakti+Online+Seva/data=!4m7!3m6!1s0x39ee3b00484df707:0xa621da880ceb90c5!8m2!3d25.8351953!4d86.6837705!16s%2Fg%2F11yhkn452h!19sChIJB_dNSAA77jkRxZDrDIjaIaY?authuser=0&hl=en&rclk=1
Rishav Raj Vasudha Kendra,Saharsa,1.0,1.0,+91 96087 65136,,Not Available,"Shop No 12 Ward No 02, Main Road, Saur Bazar, Saharsa, Bihar 852221, India",https://www.google.com/maps/place/Rishav+Raj+Vasudha+Kendra/data=!4m7!3m6!1s0x39ee3b4ac8f13137:0xf8e1f5232eeee183!8m2!3d25.8378886!4d86.6824323!16s%2Fg%2F11wxwy44pl!19sChIJNzHxyEo77jkRg-HuLiP14fg?authuser=0&hl=en&rclk=1
जनसेवा केंद्र ( Birbal Saharsa ),Saharsa,,,Not Available,,Not Available,"PFWV+H83, E Kosi Bund Rd, Paharpur, Bihar 852106, India",https://www.google.com/maps/place/%E0%A4%9C%E0%A4%A8%E0%A4%B8%E0%A5%87%E0%A4%B5%E0%A4%BE+%E0%A4%95%E0%A5%87%E0%A4%82%E0%A4%A6%E0%A5%8D%E0%A4%B0+%28+Birbal+Saharsa+%29/data=!4m7!3m6!1s0x39ee1b007a0154b5:0x95b24ab9e2f73d4a!8m2!3d25.7463975!4d86.4933108!16s%2Fg%2F11ymgj2xf7!19sChIJtVQBegAb7jkRSj334rlKspU?authuser=0&hl=en&rclk=1
Maa Sarswati Auto Mobile,Saharsa,,,+91 79924 76965,,Not Available,"Shop No 12 Ward No 23, Main Road, Baijnathpur, Saharsa, Bihar 852221, India",https://www.google.com/maps/place/Maa+Sarswati+Auto+Mobile/data=!4m7!3m6!1s0x39ee3dbd8e31d747:0xc5ad30d919207699!8m2!3d25.8913631!4d86.6537011!16s%2Fg%2F11ln_n46m9!19sChIJR9cxjr097jkRmXYgGdkwrcU?authuser=0&hl=en&rclk=1
Madhurendra Cyber cafe,Saharsa,,,Not Available,,Not Available,"VJQW+R9G, Baijnathpur, Saharsa, Bihar 852221, India",https://www.google.com/maps/place/Madhurendra+Cyber+cafe/data=!4m7!3m6!1s0x39ee3d007f9952d7:0x488c0208fc0b8374!8m2!3d25.8895686!4d86.645938!16s%2Fg%2F11xp2mj4x5!19sChIJ11KZfwA97jkRdIML_AgCjEg?authuser=0&hl=en&rclk=1
Laxmi Cyber Cafe,Saharsa,,,+91 82988 33149,,Not Available,"Shop No 80, near Sbi Bank, Kanp East, Saharsa, Bihar 852221, India",https://www.google.com/maps/place/Laxmi+Cyber+Cafe/data=!4m7!3m6!1s0x39ee3b03d9c4ea9f:0x6ef65eb023b9a968!8m2!3d25.8372704!4d86.7408602!16s%2Fg%2F11yjjrkp22!19sChIJn-rE2QM77jkRaKm5I7Be9m4?authuser=0&hl=en&rclk=1
Narayana Cyber Cafe,Hajipur,4.4,,+91 81020 38638,,Not Available,"Kachahari Rd, Hajipur, Bihar 844101, India",https://www.google.com/maps/place/Narayana+Cyber+Cafe/data=!4m7!3m6!1s0x39ed5c17e66d05f7:0xb885ebc34b3fb8e7!8m2!3d25.6921666!4d85.2090547!16s%2Fg%2F11f3_zfwx9!19sChIJ9wVt5hdc7TkR57g_S8Prhbg?authuser=0&hl=en&rclk=1
Brothers Cyber Cafe,Hajipur,4.4,,+91 76541 55440,,Not Available,"Hajipur - Jadhua Rd, Jadhua, Hajipur, Bihar 844102, India",https://www.google.com/maps/place/Brothers+Cyber+Cafe/data=!4m7!3m6!1s0x39ed5e7de3a6199b:0x6f44301a692e0de0!8m2!3d25.67366!4d85.2316276!16s%2Fg%2F11c76mnf8x!19sChIJmxmm431e7TkR4A0uaRowRG8?authuser=0&hl=en&rclk=1
Laxmi Cyber Cafe,Hajipur,4.9,,+91 99314 96136,,Not Available,"Chaurasia Rd, near Chaurasia College, Hajipur, Bihar 844101, India",https://www.google.com/maps/place/Laxmi+Cyber+Cafe/data=!4m7!3m6!1s0x39ed5d7c81295f89:0x3689df192618bd!8m2!3d25.6892931!4d85.227542!16s%2Fg%2F11n06q1jrx!19sChIJiV8pgXxd7TkRvRgmGd-JNgA?authuser=0&hl=en&rclk=1
RADHA KRISHNA CYBER CAFE,Hajipur,5.0,,Not Available,,https://sites.google.com/view/radhakrishnacybercafe,"Canara Bank Campus, Gate No 5, Civil Court, Old, Kachahari Rd, opposite Hajipur, Hajipur, Bihar 844101, India",https://www.google.com/maps/place/RADHA+KRISHNA+CYBER+CAFE/data=!4m7!3m6!1s0x39ed5d4568d6a0ed:0xd78dd4cc2b68cf9e!8m2!3d25.6920855!4d85.2093652!16s%2Fg%2F11yz7mn2vc!19sChIJ7aDWaEVd7TkRns9oK8zUjdc?authuser=0&hl=en&rclk=1
Sainik Cyber Cafe,Hajipur,4.2,,+91 70067 40120,,Not Available,"Savitri Sadan, 96, SDO Rd, Hajipur, Bihar 844101, India",https://www.google.com/maps/place/Sainik+Cyber+Cafe/data=!4m7!3m6!1s0x39ed5d94e34d81a9:0xec333dd8bbfef026!8m2!3d25.6904158!4d85.2037303!16s%2Fg%2F11q9tjmn_6!19sChIJqYFN45Rd7TkRJvD-u9g9M-w?authuser=0&hl=en&rclk=1
Vaishali Digital Cafe,Hajipur,5.0,,Not Available,,Not Available,"Town High School, Anderkilla Rd, Hajipur, Bihar 844101, India",https://www.google.com/maps/place/Vaishali+Digital+Cafe/data=!4m7!3m6!1s0x39ed5db94a4950af:0x73e703f76ec318cf!8m2!3d25.6880464!4d85.2037143!16s%2Fg%2F11z0548448!19sChIJr1BJSrld7TkRzxjDbvcD53M?authuser=0&hl=en&rclk=1
Subham cyber & photo State,Hajipur,4.8,,+91 63808 45946,,Not Available,"Hajipur, Bihar 844101, India",https://www.google.com/maps/place/Subham+cyber+%26+photo+State/data=!4m7!3m6!1s0x39ed5dadda8bbdd7:0x3da7b0f8ff7d9a88!8m2!3d25.6912806!4d85.2213516!16s%2Fg%2F11ppvw94dx!19sChIJ172L2q1d7TkRiJp9__iwpz0?authuser=0&hl=en&rclk=1
AMIT CYBER POINT AND STATIONARY,Hajipur,4.7,,+91 94702 37404,,http://amitcyberpoint.com/,"near DC College Road, West, Dighikala West, Hajipur, Bihar 844102, India",https://www.google.com/maps/place/AMIT+CYBER+POINT+AND+STATIONARY/data=!4m7!3m6!1s0x39ed5debb05229f3:0x5d8e6288488843dd!8m2!3d25.7120281!4d85.2237668!16s%2Fg%2F11h8fzvb7f!19sChIJ8ylSsOtd7TkR3UOISIhijl0?authuser=0&hl=en&rclk=1
NET POINT CYBER CAFE,Hajipur,3.9,,+91 93048 97877,,Not Available,Not Available,https://www.google.com/maps/place/NET+POINT+CYBER+CAFE/data=!4m7!3m6!1s0x39ed5c17e69a0329:0xb4b0caee82136c30!8m2!3d21.0680074!4d82.7525294!16s%2Fg%2F11cn6d0llf!19sChIJKQOa5hdc7TkRMGwTgu7KsLQ?authuser=0&hl=en&rclk=1
Upwiz Cyber cafe,Hajipur,5.0,,Not Available,,Not Available,"Dighi-Lalpokhar Rd, Hajipur, Bihar 844102, India",https://www.google.com/maps/place/Upwiz+Cyber+cafe/data=!4m7!3m6!1s0x39ed5db510b0eb8d:0xd4ce5f55fbbb0a2d!8m2!3d25.7162803!4d85.227831!16s%2Fg%2F11qsb2ymbb!19sChIJjeuwELVd7TkRLQq7-1VfztQ?authuser=0&hl=en&rclk=1
Web World Cyber Cafe,Hajipur,5.0,,Not Available,,Not Available,"Cinema Rd, behind State Bank of India, JP Colony, Hajipur, Bihar 844101, India",https://www.google.com/maps/place/Web+World+Cyber+Cafe/data=!4m7!3m6!1s0x39ed5de2a13b7437:0x6ed62733dae0d241!8m2!3d25.6945402!4d85.2132682!16s%2Fg%2F11j47mrpfl!19sChIJN3Q7oeJd7TkRQdLg2jMn1m4?authuser=0&hl=en&rclk=1
JK CYBER CAFE CSC CENTRE,Hajipur,5.0,,+91 99057 95182,,Not Available,"M6R5+XF2, Kachahari Rd, Rajendra chowk, Hajipur, Bihar 844101, India",https://www.google.com/maps/place/JK+CYBER+CAFE+CSC+CENTRE/data=!4m7!3m6!1s0x39ed5d00695023ff:0x8feeb4510097cd07!8m2!3d25.6923824!4d85.2086319!16s%2Fg%2F11y286kwcc!19sChIJ_yNQaQBd7TkRB82XAFG07o8?authuser=0&hl=en&rclk=1
Buddha Digital Cyber,Hajipur,4.8,,+91 77392 50662,,Not Available,"Hajipur - Mahnar Rd, near Rose Public School, Jadhua, Hajipur, Bihar 844102, India",https://www.google.com/maps/place/Buddha+Digital+Cyber/data=!4m7!3m6!1s0x39ed5fb446e89b73:0x8ae6f0db80bc50f!8m2!3d25.6722049!4d85.2370809!16s%2Fg%2F11l7fqfqyg!19sChIJc5voRrRf7TkRD8ULuA1vrgg?authuser=0&hl=en&rclk=1
Online center cyber cafe,Hajipur,5.0,,+91 95089 21082,,Not Available,"Dighi Rd, khurd, Dighikala West, Hajipur, Bihar 844101, India",https://www.google.com/maps/place/Online+center+cyber+cafe/data=!4m7!3m6!1s0x39ed5d0eed892ff9:0xc5bd007ae0dfeb97!8m2!3d25.6993274!4d85.2242546!16s%2Fg%2F11wx1fmgmt!19sChIJ-S-J7Q5d7TkRl-vf4HoAvcU?authuser=0&hl=en&rclk=1
Cyber Cafe (24×7),Hajipur,5.0,,+91 86039 64115,,Not Available,"Ramavtar Nagar, Hathsarganj, Hajipur, Bihar 844103, India",https://www.google.com/maps/place/Cyber+Cafe+%2824%C3%977%29/data=!4m7!3m6!1s0x39ed5d6568c797ab:0xd5e539f1189e7cc!8m2!3d25.7140248!4d85.2039513!16s%2Fg%2F11vdw2kyj3!19sChIJq5fHaGVd7TkRzOeJEZ9TXg0?authuser=0&hl=en&rclk=1
ARAV CYBER,Hajipur,5.0,,+91 62026 31861,,https://chat.whatsapp.com/G3ynKXXQZgOJHUKreRaINS,"MARAI CHOWK, ROAD, YUSUFPUR, Hajipur, Bihar 844101, India",https://www.google.com/maps/place/ARAV+CYBER/data=!4m7!3m6!1s0x39ed5d0206970d91:0xcddd4ada12053dcf!8m2!3d25.6914915!4d85.2199043!16s%2Fg%2F11vwwd02gt!19sChIJkQ2XBgJd7TkRzz0FEtpK3c0?authuser=0&hl=en&rclk=1
Vedanshi Cyber Cafe,Hajipur,5.0,,+91 62073 45455,,Not Available,"Utpal Mobil ke neech, Jagdish Sah Complex, Jadhua, Bazar, Bihar 844102, India",https://www.google.com/maps/place/Vedanshi+Cyber+Cafe/data=!4m7!3m6!1s0x39ed5f05fab5d62f:0x550d3808c66a156!8m2!3d25.67367!4d85.2315978!16s%2Fg%2F11y64y7yy1!19sChIJL9a1-gVf7TkRVqFmjIDTUAU?authuser=0&hl=en&rclk=1
Mukesh Cyber,Hajipur,5.0,,+91 95465 69001,,Not Available,"Mukesh Cyber, Kachahari Rd, Hajipur, Bihar 844101, India",https://www.google.com/maps/place/Mukesh+Cyber/data=!4m7!3m6!1s0x39ed5de43b9045cd:0xdc1e4f45bab89cf4!8m2!3d25.6922655!4d85.2091925!16s%2Fg%2F11tp4zsy77!19sChIJzUWQO-Rd7TkR9Jy4ukVPHtw?authuser=0&hl=en&rclk=1
Amit cyber cafe and video mixing shop,Hajipur,4.7,,+91 85219 53366,,Not Available,"Adalpur, Hajipur, Bihar 844102, India",https://www.google.com/maps/place/Amit+cyber+cafe+and+video+mixing+shop/data=!4m7!3m6!1s0x39ed5d0686dea50f:0x37cc9cb3e8c3cf6!8m2!3d25.7074977!4d85.2155403!16s%2Fg%2F11jj18cwkl!19sChIJD6XehgZd7TkR9jyMPsvJfAM?authuser=0&hl=en&rclk=1
Krishna cyber & stationery,Hajipur,5.0,,+91 96934 43959,,Not Available,"West, Dighikala West, Hajipur, Bihar 844102, India",https://www.google.com/maps/place/Krishna+cyber+%26+stationery/data=!4m7!3m6!1s0x39ed5d9bed792e85:0x6ff25c844860b8a1!8m2!3d25.7121109!4d85.2246008!16s%2Fg%2F11sv_6jf_5!19sChIJhS557Ztd7TkRobhgSIRc8m8?authuser=0&hl=en&rclk=1
Cyber World,Hajipur,4.3,,+91 78703 96134,,Not Available,"ANJANPEER, Hajipur - Lalganj Rd, Hajipur, Bihar 844103, India",https://www.google.com/maps/place/Cyber+World/data=!4m7!3m6!1s0x39ed5c3cdad9ca49:0xa701bf63ee1fed33!8m2!3d25.7005737!4d85.2057206!16s%2Fg%2F12q4rr0qg!19sChIJScrZ2jxc7TkRM-0f7mO_Aac?authuser=0&hl=en&rclk=1
Surya Cyber Point,Hajipur,5.0,,+91 62831 50549,,Not Available,"near D. O office shiksha bhawan, Dighikala East, Hajipur, Bihar 844102, India",https://www.google.com/maps/place/Surya+Cyber+Point/data=!4m7!3m6!1s0x39ed5d4a905b446f:0x49b36f0f9eedb86a!8m2!3d25.7158225!4d85.2295248!16s%2Fg%2F11y7sj1ph8!19sChIJb0RbkEpd7TkRarjtng9vs0k?authuser=0&hl=en&rclk=1
Sangam Syber Cafe,Hajipur,5.0,,+91 73718 13928,,Not Available,"Maa Kali Appartment, Anwarpur Chowk, Hajipur, Bihar 844101, India",https://www.google.com/maps/place/Sangam+Syber+Cafe/data=!4m7!3m6!1s0x39ed5d02cda805b9:0xddebbb1fe6d11c30!8m2!3d25.6978431!4d85.2145549!16s%2Fg%2F11yhyz4mfn!19sChIJuQWozQJd7TkRMBzR5h-7690?authuser=0&hl=en&rclk=1
CREATIVE SOLUTION,Hajipur,5.0,,+91 76317 53260,,Not Available,"RAMBALK, CHOWK, Baghdulhan, Hajipur, Bihar 844101, India",https://www.google.com/maps/place/CREATIVE+SOLUTION/data=!4m7!3m6!1s0x39ed5d2434f88643:0x4696641f4f58ea96!8m2!3d25.6949626!4d85.2158514!16s%2Fg%2F11rmwyc6z9!19sChIJQ4b4NCRd7TkRlupYTx9klkY?authuser=0&hl=en&rclk=1
Cyber World,Hajipur,5.0,,Not Available,,Not Available,"near Kargill Chowk, Chandralay, Hajipur, Bihar 844103, India",https://www.google.com/maps/place/Cyber+World/data=!4m7!3m6!1s0x39ed5d171e17627d:0x25fec897969d6957!8m2!3d25.7200107!4d85.2111!16s%2Fg%2F11sdv6445x!19sChIJfWIXHhdd7TkRV2mdlpfI_iU?authuser=0&hl=en&rclk=1
Om cyber cafe,Hajipur,2.8,,+91 91223 83216,,Not Available,"Front of sahyogi high school, Hajipur, Minapur, Bihar 844101, India",https://www.google.com/maps/place/Om+cyber+cafe/data=!4m7!3m6!1s0x39ed5f9a80737249:0x7762215997d91215!8m2!3d25.6784445!4d85.2230397!16s%2Fg%2F11r26c3w78!19sChIJSXJzgJpf7TkRFRLZl1khYnc?authuser=0&hl=en&rclk=1
Khabai Tech | Website Development | Digital Marketing | App Development | Software Development| School ERP,Hajipur,4.8,,+91 99558 71746,,http://khabaitech.com/,"116, Road No. 3, Rajput Colony, Rajput Nagar, Hajipur, Bihar 844101, India",https://www.google.com/maps/place/Khabai+Tech+%7C+Website+Development+%7C+Digital+Marketing+%7C+App+Development+%7C+Software+Development%7C+School+ERP/data=!4m7!3m6!1s0x3babe6c1d211acb7:0x1781d61514965490!8m2!3d25.6937488!4d85.2240417!16s%2Fg%2F11cm0kzq1t!19sChIJt6wR0sHmqzsRkFSWFBXWgRc?authuser=0&hl=en&rclk=1
Maa cyber Cafe,Hajipur,5.0,,Not Available,,Not Available,"Jadhua Market, Jadhua, Hajipur, Bihar 844102, India",https://www.google.com/maps/place/Maa+cyber+Cafe/data=!4m7!3m6!1s0x39ed5fea02f29b11:0x15f34f711819ae03!8m2!3d25.6735186!4d85.2325403!16s%2Fg%2F11yj6rjzvg!19sChIJEZvyAupf7TkRA64ZGHFP8xU?authuser=0&hl=en&rclk=1
Gyan Ganga Cyber,Hajipur,,,Not Available,,Not Available,"CHHOTI, Marai Rd, Shahi colony, Hajipur, Bihar 844101, India",https://www.google.com/maps/place/Gyan+Ganga+Cyber/data=!4m7!3m6!1s0x39ed5d9ea382b707:0xf23da5924cae8517!8m2!3d25.6915028!4d85.2177894!16s%2Fg%2F11mrs5zl53!19sChIJB7eCo55d7TkRF4WuTJKlPfI?authuser=0&hl=en&rclk=1
Digital Solution Kendra,Hajipur,,,Not Available,,Not Available,"Kargil Chowk, Chandralay, Hajipur, Bihar 844103, India",https://www.google.com/maps/place/Digital+Solution+Kendra/data=!4m7!3m6!1s0x39ed5dcd60aeafab:0x60fd800d0e9d5f8!8m2!3d25.7214617!4d85.2055429!16s%2Fg%2F11yf0sjg8j!19sChIJq6-uYM1d7TkR-NXp0ADYDwY?authuser=0&hl=en&rclk=1
Jai Shree Ram Cyber cafe,Hajipur,,,Not Available,,Not Available,"M69P+2R7, Jadhua, Hajipur, Bihar 844102, India",https://www.google.com/maps/place/Jai+Shree+Ram+Cyber+cafe/data=!4m7!3m6!1s0x39ed5f002f72c3d7:0x1450583d55da5484!8m2!3d25.6675317!4d85.2370483!16s%2Fg%2F11mzgpdmkz!19sChIJ18NyLwBf7TkRhFTaVT1YUBQ?authuser=0&hl=en&rclk=1
Om Digital Net Point,Hajipur,,,Not Available,,Not Available,"1st floar, BLD Chauk, Near Gpoint, Idustrial area, Hajipur - Jandaha Rd, Hajipur, Bihar 844101, India",https://www.google.com/maps/place/Om+Digital+Net+Point/data=!4m7!3m6!1s0x39ed5d9d8dedc989:0x89d4ba12a3264eac!8m2!3d25.6927645!4d85.2399429!16s%2Fg%2F11zkq9mrkj!19sChIJicntjZ1d7TkRrE4moxK61Ik?authuser=0&hl=en&rclk=1
Onlineसेवा,Hajipur,5.0,,+91 62079 91395,,Not Available,"Drcc road, harvanshpur, Hajipur, Pasain, Bihar 844101, India",https://www.google.com/maps/place/Online%E0%A4%B8%E0%A5%87%E0%A4%B5%E0%A4%BE/data=!4m7!3m6!1s0x39ed5fd79630d001:0xc7a099a8c9f8164d!8m2!3d25.6696916!4d85.2125074!16s%2Fg%2F11rwmqtsr_!19sChIJAdAwltdf7TkRTRb4yaiZoMc?authuser=0&hl=en&rclk=1
HI TECH CYBER CAFE,Hajipur,4.7,,+91 93865 43526,,Not Available,Not Available,https://www.google.com/maps/place/HI+TECH+CYBER+CAFE/data=!4m7!3m6!1s0x39ed5c3d0eeb9869:0x74915db26264d67a!8m2!3d21.0680074!4d82.7525294!16s%2Fg%2F11gd21mxbp!19sChIJaZjrDj1c7TkRetZkYrJdkXQ?authuser=0&hl=en&rclk=1
Muskaan communication & Movies (Common service centre),Hajipur,5.0,,Not Available,,Not Available,"Durga chowk, Hathsarganj, Adalpur, Hajipur, Bihar 844103, India",https://www.google.com/maps/place/Muskaan+communication+%26+Movies+%28Common+service+centre%29/data=!4m7!3m6!1s0x39ed5d002fd02bd9:0xcafef372c65e1eee!8m2!3d25.7035573!4d85.2055079!16s%2Fg%2F11y54h4vhj!19sChIJ2SvQLwBd7TkR7h5exnLz_so?authuser=0&hl=en&rclk=1
Mahakal Cyber,Hajipur,,,+91 62079 91395,,https://www.instagram.com/sulinder_rai?igsh=dHZhcjR0eHlmMHVr&utm_source=ig_contact_invite,"Drcc Road, Hajipur, Pasain, Bihar 844101, India",https://www.google.com/maps/place/Mahakal+Cyber/data=!4m7!3m6!1s0x39ed5f34802c2bb9:0x17b4d4a6ec0756b8!8m2!3d25.6697786!4d85.2124049!16s%2Fg%2F11ml0kp929!19sChIJuSssgDRf7TkRuFYH7KbUtBc?authuser=0&hl=en&rclk=1
shakuntla online services ( common service center),Hajipur,5.0,,+91 90232 33351,,Not Available,"JETHUI,INDUSTRIAL AREA HAJIPUR, Hajipur, Bihar 844102, India",https://www.google.com/maps/place/shakuntla+online+services+%28+common+service+center%29/data=!4m7!3m6!1s0x39ed5d3dbe3806bb:0x6ec65fbf6803816a!8m2!3d25.680893!4d85.2433557!16s%2Fg%2F11fn4xpq6q!19sChIJuwY4vj1d7TkRaoEDaL9fxm4?authuser=0&hl=en&rclk=1
Maa ganga Cyber cafe and general Store,Hajipur,,,Not Available,,Not Available,"P664+H3F, Hathsarganj, Adalpur, Hajipur, Bihar 844103, India",https://www.google.com/maps/place/Maa+ganga+Cyber+cafe+and+general+Store/data=!4m7!3m6!1s0x39ed5d002f19bcd9:0xc45b4e6d95f2424c!8m2!3d25.7114464!4d85.2051737!16s%2Fg%2F11mrz_7zrq!19sChIJ2bwZLwBd7TkRTELylW1OW8Q?authuser=0&hl=en&rclk=1
INTERNET CAFE,Hajipur,,,Not Available,,Not Available,"WARD NO 40, SANT KABIR NAGAR, behind KABIR MATH, Jadhua, Hajipur, Bihar 844102, India",https://www.google.com/maps/place/INTERNET+CAFE/data=!4m7!3m6!1s0x39ed5fe5077df5d3:0x7dcd9d964c4c41c3!8m2!3d25.674508!4d85.2328969!16s%2Fg%2F11zhrd1595!19sChIJ0_V9B-Vf7TkRw0FMTJadzX0?authuser=0&hl=en&rclk=1
ONLINE CSC CENTRE AND CYBER CAFE,Hajipur,5.0,2.0,+91 70610 31321,,Not Available,"M5PX 29Q, Kushwaha Chowk, Nakash Chowk Road, Andar Killa, Hajipur, Bihar 844101, India",https://www.google.com/maps/place/ONLINE+CSC+CENTRE+AND+CYBER+CAFE/data=!4m7!3m6!1s0x39ed5d6bb70e1299:0x8c89ef9ae5bf3907!8m2!3d25.6851708!4d85.1985434!16s%2Fg%2F11vx3wzcxk!19sChIJmRIOt2td7TkRBzm_5ZrviYw?authuser=0&hl=en&rclk=1
HUNNY CYBER POINT,Hajipur,4.4,,+91 75619 76239,,Not Available,"P66F+MC7, near DC COLLEGE, Dighikala West, Bihar 844102, India",https://www.google.com/maps/place/HUNNY+CYBER+POINT/data=!4m7!3m6!1s0x39ed5d04911cfd83:0x47d4b570aeda84ba!8m2!3d25.7116531!4d85.223551!16s%2Fg%2F11q43yl5_x!19sChIJg_0ckQRd7TkRuoTarnC11Ec?authuser=0&hl=en&rclk=1
Ali Computer,Hajipur,,,+91 63053 52175,,Not Available,"Madarsa Chok, New Gandak Pul Road, Anjaanpeer Chowk, Hajipur, Bihar 844101, India",https://www.google.com/maps/place/Ali+Computer/data=!4m7!3m6!1s0x39ed5d8966399f15:0x876d8d2105756d9!8m2!3d25.6994899!4d85.2044668!16s%2Fg%2F11s0x7ty9w!19sChIJFZ85Zold7TkR2VZXENLYdgg?authuser=0&hl=en&rclk=1
R K Internet Zone,Hajipur,0.0,,+91 92342 51923,,Not Available,"Ramashish Chowk Rail Over Bridge, Hajipur, Bihar 844101, India",https://www.google.com/maps/place/R+K+Internet+Zone/data=!4m7!3m6!1s0x39ed5d5d253fea7d:0xa18f1f7ef1992bcb!8m2!3d25.7043187!4d85.2195278!16s%2Fg%2F11tncqnhkk!19sChIJfeo_JV1d7TkRyyuZ8X4fj6E?authuser=0&hl=en&rclk=1
Krishna Cyber Cafe,Hajipur,5.0,,Not Available,,Not Available,"Kachari Road, Hajipur, Bihar 844101, India",https://www.google.com/maps/place/Krishna+Cyber+Cafe/data=!4m7!3m6!1s0x39ed5d1c9aecfe55:0xb51fe79e5cfb18f1!8m2!3d25.6921907!4d85.2090102!16s%2Fg%2F11v3x54q8k!19sChIJVf7smhxd7TkR8Rj7XJ7nH7U?authuser=0&hl=en&rclk=1
Ajay Enterprises,Hajipur,5.0,,+91 94304 09376,,Not Available,"Rambalak Chowk, ROAD, Baghdulhan, Hajipur, Bihar 844101, India",https://www.google.com/maps/place/Ajay+Enterprises/data=!4m7!3m6!1s0x39ed5d04ed085689:0x5e5a4697fa069c45!8m2!3d25.6951315!4d85.2149512!16s%2Fg%2F11v_1460h3!19sChIJiVYI7QRd7TkRRZwG-pdGWl4?authuser=0&hl=en&rclk=1
Saksham Cyber Cafe,Hajipur,4.2,11.0,+91 88024 82114,,Not Available,"Saksham Cyber Cafe, Kachahari Rd, Hajipur, Bihar 844101, India",https://www.google.com/maps/place/Saksham+Cyber+Cafe/data=!4m7!3m6!1s0x39ed5de9d131650d:0x631884d588e704fc!8m2!3d25.692255!4d85.2092329!16s%2Fg%2F11wtlfvmr5!19sChIJDWUx0eld7TkR_ATniNWEGGM?authuser=0&hl=en&rclk=1
Prashant Cyber Cafe & CSC ( जन सेवा केंद्र ),Hajipur,,,+91 6224 359 332,,Not Available,"Vill- Arari, Hajipur, Andari, Bihar 844117, India",https://www.google.com/maps/place/Prashant+Cyber+Cafe+%26+CSC+%28+%E0%A4%9C%E0%A4%A8+%E0%A4%B8%E0%A5%87%E0%A4%B5%E0%A4%BE+%E0%A4%95%E0%A5%87%E0%A4%82%E0%A4%A6%E0%A5%8D%E0%A4%B0+%29/data=!4m7!3m6!1s0x39ed43dc464d529f:0x5f27610d4030095b!8m2!3d25.7813508!4d85.245337!16s%2Fg%2F11sjg4jkyb!19sChIJn1JNRtxD7TkRWwkwQA1hJ18?authuser=0&hl=en&rclk=1
Harsh Digital Seva Kendra,Hajipur,3.5,,Not Available,,Not Available,"M686+M7C, M696+VX, Hajipur, Pasain, Bihar 844101, India",https://www.google.com/maps/place/Harsh+Digital+Seva+Kendra/data=!4m7!3m6!1s0x39ed5f001c61a753:0xa6e17f55353e6cff!8m2!3d25.6665013!4d85.2109914!16s%2Fg%2F11xghwps9r!19sChIJU6dhHABf7TkR_2w-NVV_4aY?authuser=0&hl=en&rclk=1
Kiran Flex Media,Hajipur,3.5,,+91 91231 60218,,Not Available,"VILL BASANTPUR KAKARAHTA PO DHOBAULI PS, to, Chaksikandar Road, Bidupur, Hajipur, Bihar 844101, India",https://www.google.com/maps/place/Kiran+Flex+Media/data=!4m7!3m6!1s0x39ed5dec18b275ff:0x22e7b8b77c3e38b3!8m2!3d25.6943299!4d85.2158322!16s%2Fg%2F11y7gfy_7z!19sChIJ_3WyGOxd7TkRszg-fLe45yI?authuser=0&hl=en&rclk=1
R K Cyber cafe Common service center,Hajipur,4.4,,+91 70040 30879,,Not Available,"L/63A, Barbatta, Sonepur, Bihar 841101, India",https://www.google.com/maps/place/R+K+Cyber+cafe+Common+service+center/data=!4m7!3m6!1s0x39ed5b36a395ed93:0xcc914a66d5735b5b!8m2!3d25.6910241!4d85.1683845!16s%2Fg%2F11rf9y2z38!19sChIJk-2VozZb7TkRW1tz1WZKkcw?authuser=0&hl=en&rclk=1
Cyber Wala,Hajipur,,,+91 79036 89326,,Not Available,"Cyber Wala, near Rn College, Hajipur, Bihar 844101, India",https://www.google.com/maps/place/Cyber+Wala/data=!4m7!3m6!1s0x39ed5d1d49040bed:0xa5c61b49261f9759!8m2!3d25.6828247!4d85.21693!16s%2Fg%2F11yjjbfl8f!19sChIJ7QsESR1d7TkRWZcfJkkbxqU?authuser=0&hl=en&rclk=1
Aayushi Grakak Seva Kendra,Hajipur,,,Not Available,,Not Available,"Raj Narain College, NEAR, CHAUHATTA CHOWK, Hajipur, Bihar 844101, India",https://www.google.com/maps/place/Aayushi+Grakak+Seva+Kendra/data=!4m7!3m6!1s0x39ed5d11dfbb6391:0x70d4b3fb9ba2a2f2!8m2!3d25.6843473!4d85.2177036!16s%2Fg%2F11myqnx506!19sChIJkWO73xFd7TkR8qKim_uz1HA?authuser=0&hl=en&rclk=1
Fino payment bank hajipur,Hajipur,3.8,,+91 95728 83886,,Not Available,"Common service center, Kuari Chowk, Hajipur - Jandaha Rd, near hanuman mandir, Hajipur, Bihar 844102, India",https://www.google.com/maps/place/Fino+payment+bank+hajipur/data=!4m7!3m6!1s0x39ed5f7708904fbd:0xd90cd79098d575c1!8m2!3d25.6849996!4d85.2671915!16s%2Fg%2F11j1251w7s!19sChIJvU-QCHdf7TkRwXXVmJDXDNk?authuser=0&hl=en&rclk=1
Om cyber,Hajipur,,,+91 95708 27507,,Not Available,"Crk college, Chaurasia Raj Kishore College, Badi Yusufpur, road, Hajipur, Bihar 844101, India",https://www.google.com/maps/place/Om+cyber/data=!4m7!3m6!1s0x39ed5dff20d28ea3:0x998f06307eb60772!8m2!3d25.69027!4d85.2264423!16s%2Fg%2F11yh_zh4_w!19sChIJo47SIP9d7TkRcge2fjAGj5k?authuser=0&hl=en&rclk=1
Maa Computer & Internet Zone,Hajipur,5.0,1.0,+91 99394 91714,,Not Available,"West Of, RN College Rd, Hajipur, Bihar 844101, India",https://www.google.com/maps/place/Maa+Computer+%26+Internet+Zone/data=!4m7!3m6!1s0x39ed5d0aa51dfaab:0x8008d7ea4f17e3a7!8m2!3d25.6847043!4d85.2173044!16s%2Fg%2F11t35qj_tq!19sChIJq_odpQpd7TkRp-MXT-rXCIA?authuser=0&hl=en&rclk=1
Shiv Cyber Cafe,Hajipur,,,+91 94718 26646,,Not Available,"Bidupur RS, Hajipur - Jandaha Rd, Bihar 844502, India",https://www.google.com/maps/place/Shiv+Cyber+Cafe/data=!4m7!3m6!1s0x39ed679cb30d1351:0xa6fe99111c60cb70!8m2!3d25.6858004!4d85.3143656!16s%2Fg%2F11r4wm3xsl!19sChIJURMNs5xn7TkRcMtgHBGZ_qY?authuser=0&hl=en&rclk=1
Vaishali Digital Sarvice,Hajipur,,,+91 94306 47676,,Not Available,"R58J 2W9, JP Colony, Ghataro Chaturbhuj, Hajipur, Bihar 844101, India",https://www.google.com/maps/place/Vaishali+Digital+Sarvice/data=!4m7!3m6!1s0x39ed5df8806b4005:0xeb16f7d704e35679!8m2!3d25.6943342!4d85.2127152!16s%2Fg%2F11tk4g56lq!19sChIJBUBrgPhd7TkReVbjBNf3Fus?authuser=0&hl=en&rclk=1
R.K CYBER POINT,Hajipur,0.0,,+91 90652 73014,,Not Available,"Namita Sadan, Anand Vihar Colony, Anjanpeer, near Neev school, Hathsarganj, Hajipur, Bihar 844103, India",https://www.google.com/maps/place/R.K+CYBER+POINT/data=!4m7!3m6!1s0x39ed5d3a3af8f271:0x157226a44e42f313!8m2!3d25.7045084!4d85.2032742!16s%2Fg%2F11v41899vr!19sChIJcfL4Ojpd7TkRE_NCTqQmchU?authuser=0&hl=en&rclk=1
CHOUDHARY CYBER POINT CSC,Hajipur,4.3,10.0,+91 93088 56902,,Not Available,"Bagmali, Adalpur, Hajipur, Bihar 844101, India",https://www.google.com/maps/place/CHOUDHARY+CYBER+POINT+CSC/data=!4m7!3m6!1s0x39ed5d5c5823938b:0xb2cb47c6f2ea3f42!8m2!3d25.6949375!4d85.2046875!16s%2Fg%2F11tnshdzzc!19sChIJi5MjWFxd7TkRQj_q8sZHy7I?authuser=0&hl=en&rclk=1
Deeksha Infotech,Hajipur,4.6,,+91 70045 08324,,http://www.facebook.com/di.hazipur,"Bagmali, Behind Hanuman Mandir, Lalganj Auto Stand, Bihar 844101, India",https://www.google.com/maps/place/Deeksha+Infotech/data=!4m7!3m6!1s0x39ed5d76f1bd0321:0x3ced40160638a2aa!8m2!3d25.6935218!4d85.2074065!16s%2Fg%2F11g24p9q2b!19sChIJIQO98XZd7TkRqqI4BhZA7Tw?authuser=0&hl=en&rclk=1
New Hello India,Hajipur,2.3,,+91 6224 462 102,,Not Available,"Konahara Ghat Rd, Hajipur, Bihar 844101, India",https://www.google.com/maps/place/New+Hello+India/data=!4m7!3m6!1s0x39ed5c1d27ba248d:0x483e57b595c0b1a7!8m2!3d25.6818727!4d85.1997897!16s%2Fg%2F11f39zqf25!19sChIJjSS6Jx1c7TkRp7HAlbVXPkg?authuser=0&hl=en&rclk=1
"Tealogy Cafe, Hajipur",Hajipur,4.1,,+91 74883 64616,,Not Available,"Marai Rd, Shahi colony, Hajipur, Bihar 844101, India","https://www.google.com/maps/place/Tealogy+Cafe,+Hajipur/data=!4m7!3m6!1s0x39ed5d755ad0c17b:0xe5e9002720deb012!8m2!3d25.6913319!4d85.2147011!16s%2Fg%2F11pkcjb594!19sChIJe8HQWnVd7TkRErDeICcA6eU?authuser=0&hl=en&rclk=1"
RAJESH COMMUNICATION AND ELECTRIC,Hajipur,5.0,36.0,+91 91622 22164,,Not Available,"Chauhatta Chowk, RN College Rd, Hajipur, Bihar 844101, India",https://www.google.com/maps/place/RAJESH+COMMUNICATION+AND+ELECTRIC/data=!4m7!3m6!1s0x39ed5de6678340cb:0xc4dd0d38b9e05122!8m2!3d25.6815718!4d85.2165826!16s%2Fg%2F11ffv6f6s1!19sChIJy0CDZ-Zd7TkRIlHguTgN3cQ?authuser=0&hl=en&rclk=1
Rahul Communication,Hajipur,5.0,1.0,+91 82525 78218,,Not Available,"Minapur, Hajipur, Bihar 844101, India",https://www.google.com/maps/place/Rahul+Communication/data=!4m7!3m6!1s0x39ed5d10c5b3ca45:0x3ea01210adc08b2e!8m2!3d25.6911552!4d85.2110979!16s%2Fg%2F11w8m8z60p!19sChIJRcqzxRBd7TkRLovArRASoD4?authuser=0&hl=en&rclk=1
A J INTERNET CAFE Point,Hajipur,,,+91 73197 00763,,Not Available,"Jadhua, gardaniachock, Hajipur, Bihar 844102, India",https://www.google.com/maps/place/A+J+INTERNET+CAFE+Point/data=!4m7!3m6!1s0x39ed5f4598a2416f:0x7f8f85f6184387c0!8m2!3d25.6729796!4d85.2330078!16s%2Fg%2F11k3j5l5fj!19sChIJb0GimEVf7TkRwIdDGPaFj38?authuser=0&hl=en&rclk=1
The Lassi Corner,Hajipur,4.5,,+91 73173 13929,,https://www.lassicorner.com/,"Fakhruddin Market Gali, Hajipur, Bihar 844101, India",https://www.google.com/maps/place/The+Lassi+Corner/data=!4m7!3m6!1s0x39ed5db46f4ca0bb:0xc0e05a95e6e00135!8m2!3d25.6901914!4d85.2098972!16s%2Fg%2F11sz3vfnbv!19sChIJu6BMb7Rd7TkRNQHg5pVa4MA?authuser=0&hl=en&rclk=1
Shiv cctv sales & service,Hajipur,,,Not Available,,Not Available,"M6W7+CGH, yadav chowk, ruabandha Market, Hajipur, Bihar 844101, India",https://www.google.com/maps/place/Shiv+cctv+sales+%26+service/data=!4m7!3m6!1s0x39ed5d00476c0e85:0x5cff1ab5bf52edb!8m2!3d25.6960563!4d85.2138718!16s%2Fg%2F11z1_bll8r!19sChIJhQ5sRwBd7TkR2y71W6vxzwU?authuser=0&hl=en&rclk=1
Ms Internet Point,Hajipur,0.0,,+91 97713 05752,,Not Available,"T Point, Kuari Chowk, NH 322, Jandha, South Of, Mokim Chak, Hajipur, Bihar 844102, India",https://www.google.com/maps/place/Ms+Internet+Point/data=!4m7!3m6!1s0x39ed5d3d55a949a5:0x52ba8b16af764ee7!8m2!3d25.6826602!4d85.2669116!16s%2Fg%2F11v10znrjm!19sChIJpUmpVT1d7TkR5052rxaLulI?authuser=0&hl=en&rclk=1
BRS ONLINE,Hajipur,,,Not Available,,Not Available,"Ward No 40, Sant Kabir Nagar, behind Sant Kabir Math, Jadhua, Hajipur, Bihar 844102, India",https://www.google.com/maps/place/BRS+ONLINE/data=!4m7!3m6!1s0x39ed5f42a2cc9aa7:0x46afa5fdc6de6345!8m2!3d25.673316!4d85.2340851!16s%2Fg%2F11zj6t3qf7!19sChIJp5rMokJf7TkRRWPexv2lr0Y?authuser=0&hl=en&rclk=1
YASH RAJ CYBER CAFE,Hajipur,4.0,,Not Available,,http://www.yashraj.com/,"M5JC+R54  , Barbatta Railway Colony, Sonepur, Sabalpur Pachami, Bihar 841101, India",https://www.google.com/maps/place/YASH+RAJ+CYBER+CAFE/data=!4m7!3m6!1s0x39ed59002829b949:0x771d6f96f0aa1818!8m2!3d25.6820135!4d85.1704437!16s%2Fg%2F11w59wsl7z!19sChIJSbkpKABZ7TkRGBiq8JZvHXc?authuser=0&hl=en&rclk=1
Chandra Printing Press,Hajipur,4.9,,+91 79034 77716,,http://chandra4print.carrd.co/,"yadav chowk, Hajipur, Bihar 844101, India",https://www.google.com/maps/place/Chandra+Printing+Press/data=!4m7!3m6!1s0x39ed5c3c3e5fca6f:0x9c5e7c81966c7b60!8m2!3d25.6957168!4d85.2142822!16s%2Fg%2F11c20c5_pw!19sChIJb8pfPjxc7TkRYHtsloF8Xpw?authuser=0&hl=en&rclk=1
Samyak Computer Classes,Hajipur,4.9,,+91 91051 06105,,https://www.samyakinfotech.com/,"opposite St Pauls Pre School, Baghmali, Adalpur, Hajipur, Bihar 844101, India",https://www.google.com/maps/place/Samyak+Computer+Classes/data=!4m7!3m6!1s0x39ed5d496391a35d:0xbb441f33eae5549f!8m2!3d25.6986168!4d85.2065225!16s%2Fg%2F11ybsfty1g!19sChIJXaORY0ld7TkRn1Tl6jMfRLs?authuser=0&hl=en&rclk=1
All India Computer Education Mission,Hajipur,4.9,,+91 91025 12079,,Not Available,"Lower Dakbungloow Rd, opposite of Custom Office, near Mognism cake center, Hajipur, Bihar 844101, India",https://www.google.com/maps/place/All+India+Computer+Education+Mission/data=!4m7!3m6!1s0x39f2f3561fae23b9:0xf38922431ff8c312!8m2!3d25.6953705!4d85.2113134!16s%2Fg%2F11fn7ltvm_!19sChIJuSOuH1bz8jkREsP4H0MiifM?authuser=0&hl=en&rclk=1
JMD Cyber Cafe & Communication,Hajipur,5.0,,+91 62058 41146,,Not Available,"GF9, M59C, Sabalpur Pachami, Bihar 841101, India",https://www.google.com/maps/place/JMD+Cyber+Cafe+%26+Communication/data=!4m7!3m6!1s0x39ed59ae264cbfd3:0xfc8dcc247bc3243e!8m2!3d25.6694222!4d85.1721694!16s%2Fg%2F11s86qxgyk!19sChIJ079MJq5Z7TkRPiTDeyTMjfw?authuser=0&hl=en&rclk=1
CSC CENTER ADHAR CENTER,Hajipur,5.0,,Not Available,,Not Available,"M787+X7V, Panapur Dharmpur, Saidpur Ganesh, Bihar 844102, India",https://www.google.com/maps/place/CSC+CENTER+ADHAR+CENTER/data=!4m7!3m6!1s0x39ed5ffb1fa47b85:0x6f5017d92e1b84c0!8m2!3d25.6674754!4d85.2631809!16s%2Fg%2F11t5drn44l!19sChIJhXukH_tf7TkRwIQbLtkXUG8?authuser=0&hl=en&rclk=1
Srijan Digital Cable Network,Hajipur,3.0,,+91 97083 92391,,Not Available,"844103, Hathsarganj, Adalpur, Hajipur, Bihar 844103, India",https://www.google.com/maps/place/Srijan+Digital+Cable+Network/data=!4m7!3m6!1s0x39ed5d9713561949:0x156b2881fdbbca1f!8m2!3d25.702213!4d85.2051521!16s%2Fg%2F11lrdll7ph!19sChIJSRlWE5dd7TkRH8q7_YEoaxU?authuser=0&hl=en&rclk=1
MAHI NET POINT HAJIPUR,Hajipur,3.3,,+91 95252 39647,,Not Available,"M6WF+F3M, Vishunpur Paltu, Hajipur, Bihar 844101, India",https://www.google.com/maps/place/MAHI+NET+POINT+HAJIPUR/data=!4m7!3m6!1s0x39ed5d85240569ad:0xf9b7d033f40cbc53!8m2!3d25.6962123!4d85.2226827!16s%2Fg%2F11h3l0857h!19sChIJrWkFJIVd7TkRU7wM9DPQt_k?authuser=0&hl=en&rclk=1
Aman Cyber Cafe,Hajipur,3.7,,+91 96319 65294,,Not Available,"Arara Rd, Dharhara Rd, Anrra, Ararah, Bihar 844117, India",https://www.google.com/maps/place/Aman+Cyber+Cafe/data=!4m7!3m6!1s0x39ed43b5de701c3b:0x24a019f8d9cf0578!8m2!3d25.7801621!4d85.2172749!16s%2Fg%2F11wpzlx2kq!19sChIJOxxw3rVD7TkReAXP2fgZoCQ?authuser=0&hl=en&rclk=1
PROTYPO DIAGNOSTICS & DIGITAL XRAY,Hajipur,4.9,,+91 99055 50555,,https://www.protypolabs.in/,"M6R6+PRM Ganesh Complex, Marai Rd, Rajendra chowk, Hajipur, Bihar 844101, India",https://www.google.com/maps/place/PROTYPO+DIAGNOSTICS+%26+DIGITAL+XRAY/data=!4m7!3m6!1s0x39ed5d5d239de42b:0x1f97a937d293b56b!8m2!3d25.6918069!4d85.2120218!16s%2Fg%2F11nnsh_f6l!19sChIJK-SdI11d7TkRa7WT0jeplx8?authuser=0&hl=en&rclk=1
public cyber cafe& mobile componant,Hajipur,3.5,,+91 88095 09702,,Not Available,"near baba hariharnath mandir, Sonepur, Bihar 841101, India",https://www.google.com/maps/place/public+cyber+cafe%26+mobile+componant/data=!4m7!3m6!1s0x39ed5b5833061073:0xc41dd25821cd4f8c!8m2!3d25.6845433!4d85.1878987!16s%2Fg%2F11j0hvwvy7!19sChIJcxAGM1hb7TkRjE_NIVjSHcQ?authuser=0&hl=en&rclk=1
Airtel Store - Hajipur,Hajipur,3.6,,+91 98100 12345,,https://www.airtel.in/,"Surji Complex, Kutchery road, near Civil Court, Vaishali, Hajipur, Bihar 844101, India",https://www.google.com/maps/place/Airtel+Store+-+Hajipur/data=!4m7!3m6!1s0x39ed5df074b656e1:0x5dcecf0e8814dac7!8m2!3d25.6942415!4d85.2097804!16s%2Fg%2F11ssq90x4l!19sChIJ4Va2dPBd7TkRx9oUiA7Pzl0?authuser=0&hl=en&rclk=1
My First Flight Restaurant,Hajipur,4.1,,+91 97711 15736,,https://myfirstflightrestaurant.com/,"Sita Chowk, Bagmali, Hajipur, Bihar 844101, India",https://www.google.com/maps/place/My+First+Flight+Restaurant/data=!4m7!3m6!1s0x39ed5dd615581fc7:0xb00d20f251976f51!8m2!3d25.6964199!4d85.2047887!16s%2Fg%2F11h4k_g3ck!19sChIJxx9YFdZd7TkRUW-XUfIgDbA?authuser=0&hl=en&rclk=1
Mr. Mobile Care,Hajipur,4.8,,+91 98352 45791,,Not Available,"Sagar Complex,Kachari Road, MR MOBILE CARE, College, behind Annex, Hajipur, Bihar 844101, India",https://www.google.com/maps/place/Mr.+Mobile+Care/data=!4m7!3m6!1s0x39ed5c17e2340927:0xa90a81b46db1a7cc!8m2!3d25.6920373!4d85.2097395!16s%2Fg%2F11cn703q64!19sChIJJwk04hdc7TkRzKexbbSBCqk?authuser=0&hl=en&rclk=1
Computer Repare Solution,Hajipur,4.2,,+91 91359 72887,,Not Available,"Ground Floor, Canara Bank Campus, Ram Raja Market, Kachahari Rd, Hajipur, Bihar 844101, India",https://www.google.com/maps/place/Computer+Repare+Solution/data=!4m7!3m6!1s0x39ed5ee555555537:0x13d9db0d9d2b8b1f!8m2!3d25.6920724!4d85.2093705!16s%2Fg%2F11c0pxc52l!19sChIJN1VVVeVe7TkRH4srnQ3b2RM?authuser=0&hl=en&rclk=1
Ali Computer,Hajipur,,,Not Available,,Not Available,Not Available,https://www.google.com/maps/place/Ali+Computer/data=!4m7!3m6!1s0x3423b5cb76907ad:0xe191ff65ab2fa7bc!8m2!3d25.6949818!4d85.2047079!16s%2Fg%2F11tk8m2dt1!19sChIJrQdpt1w7QgMRvKcvq2X_keE?authuser=0&hl=en&rclk=1
Sumit Computer Center,Hajipur,5.0,,+91 97565 22390,,Not Available,"12, Enayatpur Parbhodhi, Bihar 844101, India",https://www.google.com/maps/place/Sumit+Computer+Center/data=!4m7!3m6!1s0x39ed5d3cf9479d87:0x21201d5cb240c8b5!8m2!3d25.6914465!4d85.2143316!16s%2Fg%2F11jsr5xxj4!19sChIJh51H-Txd7TkRtchAslwdICE?authuser=0&hl=en&rclk=1
Aaditya Cyber Zone,Hajipur,,,+91 74930 67951,,Not Available,"DIGHI Kala, Dighi Kala, Hajipur, Bihar 844102, India",https://www.google.com/maps/place/Aaditya+Cyber+Zone/data=!4m7!3m6!1s0x39ed5dd4c6733069:0x9011195546244e37!8m2!3d25.7118232!4d85.2190899!16s%2Fg%2F11sfb7y55q!19sChIJaTBzxtRd7TkRN04kRlUZEZA?authuser=0&hl=en&rclk=1
"Student zone cyber cafe, chhoti Yusufpur, Hajipur",Hajipur,4.9,23.0,+91 70119 09886,,Not Available,"CHHOTI Yusufpur Barai Tola, near, Vaishali, near Tall Mobile Tower, Hajipur Industrial Area, Hajipur, Bihar 844101, India","https://www.google.com/maps/place/Student+zone+cyber+cafe,+chhoti+Yusufpur,+Hajipur/data=!4m7!3m6!1s0x39ed5d66667dfac5:0x15f7c8c601ad5160!8m2!3d25.6856094!4d85.2311891!16s%2Fg%2F11vkphkxf4!19sChIJxfp9ZmZd7TkRYFGtAcbI9xU?authuser=0&hl=en&rclk=1"
Sanjay cyber internet point..,Hajipur,,,Not Available,,Not Available,"M6X7+GXC, Hajipur - Sarai Rd, Anwarpur, Mishra Colony, Hajipur, Bihar 844101, India",https://www.google.com/maps/place/Sanjay+cyber+internet+point../data=!4m7!3m6!1s0x39ed5d0072a300c3:0x10fa38e1a6eeb899!8m2!3d25.6988117!4d85.2148793!16s%2Fg%2F11xtxjx7_f!19sChIJwwCjcgBd7TkRmbjupuE4-hA?authuser=0&hl=en&rclk=1
Yash Cyber Cafe & Common Service Center,Hajipur,4.9,,Not Available,,Not Available,"Langa - Baba Bhuiyan Rd, Panapur Langa, Bihar 844124, India",https://www.google.com/maps/place/Yash+Cyber+Cafe+%26+Common+Service+Center/data=!4m7!3m6!1s0x39ed67806b27bb3d:0xebdf2881b2091019!8m2!3d25.7276324!4d85.2836835!16s%2Fg%2F11gmfr4y3k!19sChIJPbsna4Bn7TkRGRAJsoEo3-s?authuser=0&hl=en&rclk=1
CSC Neelkamal Cyber Cafe & Mobile Repairing,Hajipur,,,+91 72503 86209,,Not Available,", , Madarpur, Hajipur, Bihar 844103, India",https://www.google.com/maps/place/CSC+Neelkamal+Cyber+Cafe+%26+Mobile+Repairing/data=!4m7!3m6!1s0x39ed5dbbafdf66df:0xdd6aadbcb6149187!8m2!3d25.7349574!4d85.2024525!16s%2Fg%2F11sqp858k7!19sChIJ32bfr7td7TkRh5EUtrytat0?authuser=0&hl=en&rclk=1
Hajipur f,Hajipur,,,Not Available,,Not Available,"Hajipur, Bihar 844101, India",https://www.google.com/maps/place/Hajipur+f/data=!4m7!3m6!1s0x39ed5d00079d450d:0x93fb46ca095c2700!8m2!3d25.6924354!4d85.208324!16s%2Fg%2F11xkhs7qt6!19sChIJDUWdBwBd7TkRACdcCcpG-5M?authuser=0&hl=en&rclk=1
Ritesh Videography And Internet Points,Hajipur,,,+91 73200 27308,,Not Available,"School road sarai vaishali, Q7MC 7RW, Sarai, Bihar 844101, India",https://www.google.com/maps/place/Ritesh+Videography+And+Internet+Points/data=!4m7!3m6!1s0x39ed5db368aaa9e5:0xf6a20285202dec93!8m2!3d25.6935551!4d85.209049!16s%2Fg%2F11sb2rz6dt!19sChIJ5amqaLNd7TkRk-wtIIUCovY?authuser=0&hl=en&rclk=1
Shruti enterprises,Hajipur,,,Not Available,,Not Available,"M6P8+VGP, R N College Rd, Shahi colony, Hajipur, Bihar 844101, India",https://www.google.com/maps/place/Shruti+enterprises/data=!4m7!3m6!1s0x39ed5d001495d6dd:0xa6240106c149d532!8m2!3d25.6872219!4d85.2163249!16s%2Fg%2F11yfzbcgvb!19sChIJ3daVFABd7TkRMtVJwQYBJKY?authuser=0&hl=en&rclk=1
AARYAN RAJ INTERNET POINT CSC CENTRE,Hajipur,,,+91 95079 40240,,Not Available,"SISAUNI PRABODHI, Hajipur, Bihar 844101, India",https://www.google.com/maps/place/AARYAN+RAJ+INTERNET+POINT+CSC+CENTRE/data=!4m7!3m6!1s0x39ed5d510cec1e0f:0xf4b54fe4e219da38!8m2!3d25.6924354!4d85.208324!16s%2Fg%2F11xs7q3_bn!19sChIJDx7sDFFd7TkRONoZ4uRPtfQ?authuser=0&hl=en&rclk=1
Kiran Kumari,Hajipur,,,+91 98016 93029,,Not Available,"Rahimapur Bidupur, Hajipur, Bihar 844101, India",https://www.google.com/maps/place/Kiran+Kumari/data=!4m7!3m6!1s0x39ed5db68d2b745b:0xfa50094e584748d!8m2!3d25.6918443!4d85.2094348!16s%2Fg%2F11zj2p53_p!19sChIJW3QrjbZd7TkRjXSE5ZQApQ8?authuser=0&hl=en&rclk=1
Maa Laxmi Telecom,Hajipur,4.9,23.0,Not Available,,Not Available,"M P Colony, M P Colony, Station Rd, Hajipur, Bihar 844101, India",https://www.google.com/maps/place/Maa+Laxmi+Telecom/data=!4m7!3m6!1s0x39ed5d00081d475f:0xff5248ef784030a8!8m2!3d25.7037266!4d85.2181018!16s%2Fg%2F11vjrlsf0g!19sChIJX0cdCABd7TkRqDBAeO9IUv8?authuser=0&hl=en&rclk=1
P.k Startup,Hajipur,,,+91 96083 35308,,Not Available,"P.k Startup Vaishali, Bihar 844101, India",https://www.google.com/maps/place/P.k+Startup/data=!4m7!3m6!1s0x39ed5d8839084ccb:0xf480fff6dc97ae97!8m2!3d25.6957793!4d85.216924!16s%2Fg%2F11sn_6897d!19sChIJy0wIOYhd7TkRl66X3Pb_gPQ?authuser=0&hl=en&rclk=1
Shreya Enterprises,Hajipur,,,Not Available,,Not Available,"Rajendra chowk, Gudari Bazar, Hajipur, Bihar 844101, India",https://www.google.com/maps/place/Shreya+Enterprises/data=!4m7!3m6!1s0x39ed5d9956596fdb:0xc75a537b606afd33!8m2!3d25.6916058!4d85.210965!16s%2Fg%2F11mdswpcd6!19sChIJ229ZVpld7TkRM_1qYHtTWsc?authuser=0&hl=en&rclk=1
PixelNet Computer Education Centre,Hajipur,4.6,,Not Available,,Not Available,"Ramjeevan Chowk, (Near Indicash ATM),, Hajipur, Vaishali, Bihar 844101, India",https://www.google.com/maps/place/PixelNet+Computer+Education+Centre/data=!4m7!3m6!1s0x39ed5c2376bb2ce7:0x636f3b127baea81!8m2!3d25.6882956!4d85.2140269!16s%2Fg%2F11c54mwr3h!19sChIJ5yy7diNc7TkRgeq6J7HzNgY?authuser=0&hl=en&rclk=1
Amit Cyber Cafe,Sasaram,4.9,,+91 70339 40907,,Not Available,"Amit cyber cafe, Dilia, Sasaram, Bihar 821115, India",https://www.google.com/maps/place/Amit+Cyber+Cafe/data=!4m7!3m6!1s0x398db0c73db4091f:0x115a4e5d655c693a!8m2!3d24.9543307!4d84.0155323!16s%2Fg%2F11gcwtp6hd!19sChIJHwm0PcewjTkROmlcZV1OWhE?authuser=0&hl=en&rclk=1
All In One Cyber Cafe,Sasaram,5.0,,+91 95238 87136,,Not Available,"near Prakash Petrol Pump, Dilia, Sasaram, Bihar 821115, India",https://www.google.com/maps/place/All+In+One+Cyber+Cafe/data=!4m7!3m6!1s0x398db1fc46a8822d:0x4646d68c0e1080fe!8m2!3d24.9553888!4d84.0281743!16s%2Fg%2F11ybcy6wdw!19sChIJLYKoRvyxjTkR_oAQDozWRkY?authuser=0&hl=en&rclk=1
Suman Digital Cyber Sasaram,Sasaram,4.0,,+91 82719 28812,,Not Available,"Post Office, Adda Rd, near Town High School, Khilanganj, Road, Laxkariganj, Sasaram, Bihar 821115, India",https://www.google.com/maps/place/Suman+Digital+Cyber+Sasaram/data=!4m7!3m6!1s0x398db7005688109b:0xbd54f5862adbe465!8m2!3d24.9536862!4d84.0146713!16s%2Fg%2F11zkp5qpj5!19sChIJmxCIVgC3jTkRZeTbKob1VL0?authuser=0&hl=en&rclk=1
BHARAT CYBER CAFE & CSC CENTRE,Sasaram,4.8,,+91 70701 23919,,Not Available,"S.S GLASS KE UPAR, COMPANY SARAI ADDA ROAD SASARAM NEAR TOWN HIGH SCHOOL, Sasaram, Bihar 821115, India",https://www.google.com/maps/place/BHARAT+CYBER+CAFE+%26+CSC+CENTRE/data=!4m7!3m6!1s0x398db788a15f9531:0x62875caa8a36cad1!8m2!3d24.9529185!4d84.0141394!16s%2Fg%2F11fw8f55r3!19sChIJMZVfoYi3jTkR0co2iqpch2I?authuser=0&hl=en&rclk=1
RAJ INTERNET CAFE,Sasaram,5.0,,+91 91559 93230,,https://www.google.com/search?q=RAJ+INTERNET+CAFE&stick=H4sIAAAAAAAA_-NgU1I1qDC2tEhJMjcwMDMwME20MEiyMqiwMDI1MDVINDVLsUg2MrNIXcQqGOTopeDpF-Ia5OcaouDs6OYKAPZ2B2U9AAAA&hl=en-GB&mat=CQTCynUNlZwfElcBTVDHnrj_BcrTKPq-UzIkAHkFAo-A,"RAJU MARKET, Adda Rd, Khilanganj, Laxkariganj, Sasaram, Bihar 821115, India",https://www.google.com/maps/place/RAJ+INTERNET+CAFE/data=!4m7!3m6!1s0x398db7006005a80b:0x825050a56d8c268e!8m2!3d24.9531339!4d84.0145447!16s%2Fg%2F11y4_y1jyy!19sChIJC6gFYAC3jTkRjiaMbaVQUII?authuser=0&hl=en&rclk=1
Digital cyber cafe,Sasaram,4.3,,+91 73523 85169,,Not Available,"X264+347, Takiya Sasaram, Sasaram, Bihar 821113, India",https://www.google.com/maps/place/Digital+cyber+cafe/data=!4m7!3m6!1s0x398db70066c32ced:0x6c431a1a8c710954!8m2!3d24.9601629!4d84.0052742!16s%2Fg%2F11xn5nkl40!19sChIJ7SzDZgC3jTkRVAlxjBoaQ2w?authuser=0&hl=en&rclk=1
KOMAL CYBER CAFE HDFC BANK CSP CSC e Government,Sasaram,4.3,,+91 79035 44834,,Not Available,"Pathan Toli Rd, Bharti Ganj, Sasaram, karpurwa, Bihar 821115, India",https://www.google.com/maps/place/KOMAL+CYBER+CAFE+HDFC+BANK+CSP+CSC+e+Government/data=!4m7!3m6!1s0x398db736aa5d4415:0x2eb960d00e4f113d!8m2!3d24.9436008!4d84.0102326!16s%2Fg%2F11f3pmgb9w!19sChIJFURdqja3jTkRPRFPDtBguS4?authuser=0&hl=en&rclk=1
Sagar Internet Cafe,Sasaram,4.7,,Not Available,,Not Available,"Civil Court, Navaratan Bazar, Laxkariganj, Sasaram, Bihar 821115, India",https://www.google.com/maps/place/Sagar+Internet+Cafe/data=!4m7!3m6!1s0x398db7002da7c7fb:0x37d22abd25cb4033!8m2!3d24.9531172!4d84.0109689!16s%2Fg%2F11ld7zvzk3!19sChIJ-8enLQC3jTkRM0DLJb0q0jc?authuser=0&hl=en&rclk=1
Shivaay Cyber Zone,Sasaram,5.0,,+91 97987 14774,,Not Available,"Laalganj, Sasaram, Uchitpur, Bihar 821115, India",https://www.google.com/maps/place/Shivaay+Cyber+Zone/data=!4m7!3m6!1s0x398db1d58254109b:0xec0ffbd3ed5f8ede!8m2!3d24.9707332!4d84.0189325!16s%2Fg%2F11sb1jjl8d!19sChIJmxBUgtWxjTkR3o5f7dP7D-w?authuser=0&hl=en&rclk=1
Cyber Sansar cafe & Computer Repairing centre Munna Kumar,Sasaram,5.0,,+91 99399 54366,,Not Available,"Unnamed Road, P S Nagar, Sasaram, Bihar 821115, India",https://www.google.com/maps/place/Cyber+Sansar+cafe+%26+Computer+Repairing+centre+Munna+Kumar/data=!4m7!3m6!1s0x398db7bc1a8be6f9:0xd447aee033881b18!8m2!3d24.9563997!4d84.013214!16s%2Fg%2F11h4gw2x_x!19sChIJ-eaLGry3jTkRGBuIM-CuR9Q?authuser=0&hl=en&rclk=1
SHANKER CYBER CAFE,Sasaram,4.0,,Not Available,,Not Available,"SHANKER CYBER CAFE, HEAD POST OFFICE ROAD, near BSNL OFFICE, Sasaram, Bihar 821115, India",https://www.google.com/maps/place/SHANKER+CYBER+CAFE/data=!4m7!3m6!1s0x398db79eba0912ed:0x4fc090563dc81ce6!8m2!3d24.9531496!4d84.0141787!16s%2Fg%2F11q_49wl1r!19sChIJ7RIJup63jTkR5hzIPVaQwE8?authuser=0&hl=en&rclk=1
Krish Cyber Cafe,Sasaram,5.0,,+91 84098 37412,,Not Available,"Mohalla - Mubarak Ganj, Po, Ps, Sasaram, Bihar 821115, India",https://www.google.com/maps/place/Krish+Cyber+Cafe/data=!4m7!3m6!1s0x398db7e99ce4f955:0xdce2b62547f4a3dc!8m2!3d24.9538803!4d84.0142866!16s%2Fg%2F11x0xxys57!19sChIJVfnknOm3jTkR3KP0RyW24tw?authuser=0&hl=en&rclk=1
Diya Cyber Cafe,Sasaram,4.8,,Not Available,,Not Available,"Ward 22 Moh Khilanganj Po, Ps, near Masjid, Sasaram, Bihar 821115, India",https://www.google.com/maps/place/Diya+Cyber+Cafe/data=!4m7!3m6!1s0x398db10d30d0baef:0x511b73f2f965f413!8m2!3d24.9507425!4d84.0203784!16s%2Fg%2F11tstt3p6m!19sChIJ77rQMA2xjTkRE_Rl-fJzG1E?authuser=0&hl=en&rclk=1
Atul Online Cafe,Sasaram,5.0,,+91 87097 11670,,Not Available,"Head post office, Khilanganj, Laxkariganj, Sasaram, Bihar 821115, India",https://www.google.com/maps/place/Atul+Online+Cafe/data=!4m7!3m6!1s0x398db7ca38bfc573:0x6a288d4539f2154!8m2!3d24.9536306!4d84.0141605!16s%2Fg%2F11k3wt8yyb!19sChIJc8W_OMq3jTkRVCGfU9SIogY?authuser=0&hl=en&rclk=1
Sunny Online Cafe,Sasaram,5.0,,Not Available,,Not Available,"X237+5HP, Laxkariganj, Sasaram, Bihar 821115, India",https://www.google.com/maps/place/Sunny+Online+Cafe/data=!4m7!3m6!1s0x398db768a52e1497:0x1ef614790c050af!8m2!3d24.9530769!4d84.0139108!16s%2Fg%2F11s99mj7r2!19sChIJlxQupWi3jTkRr1DAkEdh7wE?authuser=0&hl=en&rclk=1
CYBER WORLD,Sasaram,5.0,,Not Available,,Not Available,"- Indian Public School, Jagdev Nagar, Ashikpur, Sasaram, Bihar 821115, India",https://www.google.com/maps/place/CYBER+WORLD/data=!4m7!3m6!1s0x398db1006c747c9b:0x9368d31e17aacdaa!8m2!3d24.9542431!4d84.0309866!16s%2Fg%2F11lz50ff90!19sChIJm3x0bACxjTkRqs2qFx7TaJM?authuser=0&hl=en&rclk=1
Ajay Cyber Cafe & CSC centre,Sasaram,4.0,,+91 90655 47154,,Not Available,"BSNL, Post office Road, Khilanganj, Laxkariganj, Sasaram, Bihar 821115, India",https://www.google.com/maps/place/Ajay+Cyber+Cafe+%26+CSC+centre/data=!4m7!3m6!1s0x398db7ceba8634ed:0x5f2aaf234e8adc74!8m2!3d24.9534051!4d84.0141969!16s%2Fg%2F11vylxbsn1!19sChIJ7TSGus63jTkRdNyKTiOvKl8?authuser=0&hl=en&rclk=1
ASHISH DIGITAL ZONE,Sasaram,5.0,,+91 91022 08788,,Not Available,"STREET, Santoshi Maa Path, P S Nagar, Sasaram, Kuraich, Bihar 821115, India",https://www.google.com/maps/place/ASHISH+DIGITAL+ZONE/data=!4m7!3m6!1s0x398db7c264eaecdd:0x9e77aec9eb1b3003!8m2!3d24.9623387!4d84.0151622!16s%2Fg%2F11jp011fcx!19sChIJ3ezqZMK3jTkRAzAb68mud54?authuser=0&hl=en&rclk=1
MS MARIYA COMMUNICATION AND CYBER WORLD,Sasaram,4.3,,+91 91558 99193,,Not Available,"near Dev Public School In Front, Gorakshni, Mohaddiganj, Sasaram, Patna, Bihar 821115, India",https://www.google.com/maps/place/MS+MARIYA+COMMUNICATION+AND+CYBER+WORLD/data=!4m7!3m6!1s0x398db0ad3668618d:0xba47941cd20a802a!8m2!3d24.9636665!4d84.0172993!16s%2Fg%2F11f_p2x0g8!19sChIJjWFoNq2wjTkRKoAK0hyUR7o?authuser=0&hl=en&rclk=1
Rahul cyber cafe and videography,Sasaram,4.0,,+91 75619 20633,,Not Available,"Nooranganj Durga Mandir Rd, Hetimpur, Sasaram, Pratapganj, Bihar 821115, India",https://www.google.com/maps/place/Rahul+cyber+cafe+and+videography/data=!4m7!3m6!1s0x398db19ca25aeabb:0x5dbfa17193c7f28c!8m2!3d24.9497761!4d84.0232511!16s%2Fg%2F11tn827x3l!19sChIJu-paopyxjTkRjPLHk3Ghv10?authuser=0&hl=en&rclk=1
Office,Sasaram,5.0,,+91 70049 28799,,Not Available,"Geeta Ghat Colony, Sasaram, Bihar 821115, India",https://www.google.com/maps/place/Office/data=!4m7!3m6!1s0x398db71cce6129e5:0x993e0189c7f402f7!8m2!3d24.953743!4d84.0118901!16s%2Fg%2F11sv74mdj7!19sChIJ5Slhzhy3jTkR9wL0x4kBPpk?authuser=0&hl=en&rclk=1
Bharat Cyber Zone,Sasaram,,,Not Available,,Not Available,"Sherganj Rd, near Shukharauja, Hetimpur, Sasaram, Pratapganj, Bihar 821115, India",https://www.google.com/maps/place/Bharat+Cyber+Zone/data=!4m7!3m6!1s0x398db18f870a9313:0x8f2d146a485806b1!8m2!3d24.9483093!4d84.020013!16s%2Fg%2F11n3c_3943!19sChIJE5MKh4-xjTkRsQZYSGoULY8?authuser=0&hl=en&rclk=1
INTERNET POINT,Sasaram,4.5,,+91 91351 18440,,Not Available,"Badki, Nooran Ganj, karpurwa, Sasaram, Bihar 821115, India",https://www.google.com/maps/place/INTERNET+POINT/data=!4m7!3m6!1s0x398db70039a2dc4f:0x1a4a292ec84c34f5!8m2!3d24.9456611!4d84.0060172!16s%2Fg%2F11wfrs3t_p!19sChIJT9yiOQC3jTkR9TRMyC4pSho?authuser=0&hl=en&rclk=1
Digital Cyber Cafe & Internet Point,Sasaram,,,Not Available,,Not Available,"W2W8+3HQ, Dharamshala Rd, near power house, Navaratan Bazar, Laxkariganj, Sasaram, Bihar 821115, India",https://www.google.com/maps/place/Digital+Cyber+Cafe+%26+Internet+Point/data=!4m7!3m6!1s0x398db70035008b75:0x91779ec8e01bfe33!8m2!3d24.9452103!4d84.0164902!16s%2Fg%2F11ypmbd420!19sChIJdYsANQC3jTkRM_4b4Mied5E?authuser=0&hl=en&rclk=1
Maurya Cyber & CSC,Sasaram,5.0,,Not Available,,Not Available,"XX2R+G3W, Bhatarhi, Sasaram, Bihar 821113, India",https://www.google.com/maps/place/Maurya+Cyber+%26+CSC/data=!4m7!3m6!1s0x398db7002b0f77ff:0xdba1cc5b16f4142a!8m2!3d24.9513519!4d83.9902116!16s%2Fg%2F11mlv22wl3!19sChIJ_3cPKwC3jTkRKhT0FlvMods?authuser=0&hl=en&rclk=1
Sarswati Cyber Cafe,Sasaram,5.0,,+91 62005 66108,,Not Available,"Suman Market, 2a, Ara - Sasaram Rd, Gauraxini, P S Nagar, Sasaram, Bihar 821115, India",https://www.google.com/maps/place/Sarswati+Cyber+Cafe/data=!4m7!3m6!1s0x398db769527849c9:0xd7af29bb4fb3ac6e!8m2!3d24.9583504!4d84.0153569!16s%2Fg%2F11svl0zz29!19sChIJyUl4Umm3jTkRbqyzT7spr9c?authuser=0&hl=en&rclk=1
Saheli Computer & Common Services Centre,Sasaram,3.6,,+91 94730 17663,,Not Available,"Ara - Sasaram Rd, near mahabir mandirasaram, mahavir asthan, Kuraich, Bihar 821115, India",https://www.google.com/maps/place/Saheli+Computer+%26+Common+Services+Centre/data=!4m7!3m6!1s0x398db0ad49beb5b3:0xf146f7b6852038f2!8m2!3d24.9635549!4d84.0167368!16s%2Fg%2F11c58fpnms!19sChIJs7W-Sa2wjTkR8jgghbb3RvE?authuser=0&hl=en&rclk=1
PRINCE CYBER CAFE,Sasaram,,,+91 93041 19755,,Not Available,"no. 02, Gajradh,Gaurakshini, Gaurakshni, 02 Gaurakshni, Sasaram - Patna Rd, near Aaragumati, Sasaram, Bihar 821115, India",https://www.google.com/maps/place/PRINCE+CYBER+CAFE/data=!4m7!3m6!1s0x398db7d3eab64f21:0x1f95ad606f3baf3b!8m2!3d24.9570804!4d84.0147441!16s%2Fg%2F11yt4fv0nd!19sChIJIU-26tO3jTkRO687b2CtlR8?authuser=0&hl=en&rclk=1
Apna CSC kendra,Sasaram,5.0,,Not Available,,Not Available,"Shop no 19, opposite of sbi bank mahavir asthan, Mohaddiganj, Kuraich, Sasaram, Bihar 821115, India",https://www.google.com/maps/place/Apna+CSC+kendra/data=!4m7!3m6!1s0x398db1537c510077:0x5ba7500ab878aa01!8m2!3d24.9627296!4d84.0169374!16s%2Fg%2F11n4h3rsvx!19sChIJdwBRfFOxjTkRAap4uApQp1s?authuser=0&hl=en&rclk=1
Digital Cyber Cafe,Sasaram,4.0,,+91 91234 92369,,Not Available,"Jamuhar Sasaram, Bihar 821115, India",https://www.google.com/maps/place/Digital+Cyber+Cafe/data=!4m7!3m6!1s0x398db17f7d042177:0x94a2dc6b2b8ff72!8m2!3d24.9486927!4d84.0401798!16s%2Fg%2F11lzwvt2bb!19sChIJdyEEfX-xjTkRcv-4ssYtSgk?authuser=0&hl=en&rclk=1
Anish stationary & cyber cafe,Sasaram,3.8,,+91 99054 52192,,Not Available,"sona chouk, Mohaddiganj, Sasaram, Kuraich, Bihar 821115, India",https://www.google.com/maps/place/Anish+stationary+%26+cyber+cafe/data=!4m7!3m6!1s0x398db13a92d64ea3:0xf29826c0d1fdc101!8m2!3d24.9619984!4d84.0224686!16s%2Fg%2F11w8hxvcmc!19sChIJo07WkjqxjTkRAcH90cAmmPI?authuser=0&hl=en&rclk=1
Sona Cyber Cafe,Sasaram,5.0,,+91 79034 42566,,Not Available,"Sobhaganj, More, Baulia, Sasaram, Bihar 821115, India",https://www.google.com/maps/place/Sona+Cyber+Cafe/data=!4m7!3m6!1s0x398db1cb86426bd1:0xbc5cd381ca3660a3!8m2!3d24.9466235!4d84.0215763!16s%2Fg%2F11y2bt5vrr!19sChIJ0WtChsuxjTkRo2A2yoHTXLw?authuser=0&hl=en&rclk=1
CYBER HUB,Sasaram,,,Not Available,,Not Available,"X232+8XF, Unnamed Road, Fazalganj, Sasaram, Bihar 821115, India",https://www.google.com/maps/place/CYBER+HUB/data=!4m7!3m6!1s0x398db7003f8a7b43:0x837ebeabd4b31852!8m2!3d24.9532832!4d84.0025586!16s%2Fg%2F11n9dwtmx5!19sChIJQ3uKPwC3jTkRUhiz1Ku-foM?authuser=0&hl=en&rclk=1
Cyberpulse Network Cafe,Sasaram,,,+91 90069 61814,,Not Available,"Bajar, Takiya Sasaram, Takia, Sasaram, Bihar 800001, India",https://www.google.com/maps/place/Cyberpulse+Network+Cafe/data=!4m7!3m6!1s0x398db76b9d4778cb:0xa6c04599495f7376!8m2!3d24.9592652!4d84.0059234!16s%2Fg%2F11zkpm12kb!19sChIJy3hHnWu3jTkRdnNfSZlFwKY?authuser=0&hl=en&rclk=1
"Ankit Cyber Cafe , Kachahri",Sasaram,3.7,,+91 77394 50866,,Not Available,"X236+F9F Ankit Cyber Cafe, Kachahri Kachahri Road, Geeta Ghat Colony, Sasaram, Bihar 821115, India","https://www.google.com/maps/place/Ankit+Cyber+Cafe+,+Kachahri/data=!4m7!3m6!1s0x398db783ad2a830b:0x78da56311990a905!8m2!3d24.9536854!4d84.0109213!16s%2Fg%2F11s56mc1_k!19sChIJC4MqrYO3jTkRBamQGTFW2ng?authuser=0&hl=en&rclk=1"
Shivansh online and CSC centre,Sasaram,5.0,,Not Available,,Not Available,"bazar, takiya, Sasaram, Bihar 821113, India",https://www.google.com/maps/place/Shivansh+online+and+CSC+centre/data=!4m7!3m6!1s0x398db70bff9d6aa5:0x3b2ffb3fd1c9fe4e!8m2!3d24.9593492!4d84.0052702!16s%2Fg%2F11nxbv4cwt!19sChIJpWqd_wu3jTkRTv7J0T_7Lzs?authuser=0&hl=en&rclk=1
Mithali Cyber Cafe,Sasaram,,,+91 62001 81745,,Not Available,"Mithali Cyber Cafe, Chandrvanshi Nagar, Sasaram, Bihar 821113, India",https://www.google.com/maps/place/Mithali+Cyber+Cafe/data=!4m7!3m6!1s0x398db76c03eced25:0xa9e005a8b82db247!8m2!3d24.9508356!4d83.992099!16s%2Fg%2F11tg2y1gsk!19sChIJJe3sA2y3jTkRR7ItuKgF4Kk?authuser=0&hl=en&rclk=1
DIGITAL INDIA,Sasaram,3.2,,Not Available,,Not Available,"MORE, JAGDEV CHOK BAULIYA, PO, PS, Sasaram, Bihar 821115, India",https://www.google.com/maps/place/DIGITAL+INDIA/data=!4m7!3m6!1s0x398db1186e1f5f95:0x4532ef8bdc5e5eb1!8m2!3d24.9544282!4d84.0248438!16s%2Fg%2F11g0pzffgm!19sChIJlV8fbhixjTkRsV5e3IvvMkU?authuser=0&hl=en&rclk=1
Common Service Centres,Sasaram,4.4,,+91 70041 38170,,Not Available,"Chanravanshi Nagar, Sasaram, Bihar 821113, India",https://www.google.com/maps/place/Common+Service+Centres/data=!4m7!3m6!1s0x398db76b488e45bf:0xd714b5c68c353dc5!8m2!3d24.9499926!4d83.991467!16s%2Fg%2F11g9dcqs82!19sChIJv0WOSGu3jTkRxT01jMa1FNc?authuser=0&hl=en&rclk=1
Chaurasiya Online Seva Kendra,Sasaram,5.0,,+91 88266 11603,,Not Available,"Kalali More Rafiganj AURANGABAD Bihar 824125, Sasaram, Bihar 821115, India",https://www.google.com/maps/place/Chaurasiya+Online+Seva+Kendra/data=!4m7!3m6!1s0x398d21006b30493f:0xaee8a910a0efbdd8!8m2!3d24.9456884!4d84.0208753!16s%2Fg%2F11y50h2g9n!19sChIJP0kwawAhjTkR2L3voBCp6K4?authuser=0&hl=en&rclk=1
Shobha Stationery & Cyber Cafe,Sasaram,5.0,,+91 83907 62608,,Not Available,"Shobha Palace, Dharamshala Rd, Hetimpur, Sasaram, Pratapganj, Bihar 821115, India",https://www.google.com/maps/place/Shobha+Stationery+%26+Cyber+Cafe/data=!4m7!3m6!1s0x398db1cb9653a087:0x8bd9546a64d51557!8m2!3d24.9515023!4d84.0189427!16s%2Fg%2F11vb_8jyhj!19sChIJh6BTlsuxjTkRVxXVZGpU2Ys?authuser=0&hl=en&rclk=1
RAJ COMPUTER CSC CENTRE,Sasaram,5.0,,+91 70508 07650,,Not Available,"Bauliya Rd, Nooran Ganj, Sasaram, Pratapganj, Bihar 821115, India",https://www.google.com/maps/place/RAJ+COMPUTER+CSC+CENTRE/data=!4m7!3m6!1s0x398db1ba2ae3bf1b:0xd9e9de455d63e8ea!8m2!3d24.9512376!4d84.0235166!16s%2Fg%2F11k9jr8b0d!19sChIJG7_jKrqxjTkR6uhjXUXe6dk?authuser=0&hl=en&rclk=1
Cyber City 2,Sasaram,,,+91 70706 45474,,Not Available,"Cyber City, Alamganj Sagar Raod, Ashikpur, Sasaram, Pratapganj, Bihar 821115, India",https://www.google.com/maps/place/Cyber+City+2/data=!4m7!3m6!1s0x398db17f52dfd3c7:0x46e85b98221b8e45!8m2!3d24.9438254!4d84.022891!16s%2Fg%2F11ynwtmkx8!19sChIJx9PfUn-xjTkRRY4bIphb6EY?authuser=0&hl=en&rclk=1
Prakash Digital Cyber Zone,Sasaram,,,+91 79797 57874,,Not Available,"Mahavir Astan, Mohaddiganj, Kuraich, Sasaram, Bihar 821115, India",https://www.google.com/maps/place/Prakash+Digital+Cyber+Zone/data=!4m7!3m6!1s0x398db1000b3af0bf:0xc1319b3395c7e9c5!8m2!3d24.9661234!4d84.0177713!16s%2Fg%2F11lmj6gzkz!19sChIJv_A6CwCxjTkRxenHlTObMcE?authuser=0&hl=en&rclk=1
M/s Internete Service Provider,Sasaram,4.3,,+91 96316 10950,,Not Available,"New Area, Post Office Circle, near Sub, of, Dilia, Sasaram, Bihar 821115, India",https://www.google.com/maps/place/M%2Fs+Internete+Service+Provider/data=!4m7!3m6!1s0x398db0b9ceda3157:0xbfaa573d5679f80b!8m2!3d24.953924!4d84.0143893!16s%2Fg%2F11cn6dvr5n!19sChIJVzHazrmwjTkRC_h5Vj1Xqr8?authuser=0&hl=en&rclk=1
"Bholu Internet Cafe , Banking Service इंटरनेट कैफे, बैंकिंग सर्विस",Sasaram,5.0,1.0,Not Available,,https://whatsapp.com/channel/0029VaAcVZE6GcGFioBgtQ2g,", Sasaram, Bihar 821115, India","https://www.google.com/maps/place/Bholu+Internet+Cafe+,+Banking+Service+%E0%A4%87%E0%A4%82%E0%A4%9F%E0%A4%B0%E0%A4%A8%E0%A5%87%E0%A4%9F+%E0%A4%95%E0%A5%88%E0%A4%AB%E0%A5%87,+%E0%A4%AC%E0%A5%88%E0%A4%82%E0%A4%95%E0%A4%BF%E0%A4%82%E0%A4%97+%E0%A4%B8%E0%A4%B0%E0%A5%8D%E0%A4%B5%E0%A4%BF%E0%A4%B8/data=!4m7!3m6!1s0x398db103c942486f:0x3192ff033ea47d77!8m2!3d24.9491528!4d84.0402467!16s%2Fg%2F11khc4wwn9!19sChIJb0hCyQOxjTkRd32kPgP_kjE?authuser=0&hl=en&rclk=1"
MURTANA COMPUTERS,Sasaram,4.5,6.0,+91 70794 94838,,http://www.murtanacomputers.com/,"Main Road, Mahaveer Asthan, Kuraich, Sasaram, Bihar 821115, India",https://www.google.com/maps/place/MURTANA+COMPUTERS/data=!4m7!3m6!1s0x398db1d2fe308525:0x8f0b63c0baf1b17e!8m2!3d24.9645451!4d84.0174728!16s%2Fg%2F11k4vlfs1q!19sChIJJYUw_tKxjTkRfrHxusBjC48?authuser=0&hl=en&rclk=1
माँ भवानी फोटोस्टेट Cybercafe,Sasaram,3.0,,Not Available,,Not Available,"X237+JVG, Dakbangala, Sasaram, Bihar 821115, India",https://www.google.com/maps/place/%E0%A4%AE%E0%A4%BE%E0%A4%81+%E0%A4%AD%E0%A4%B5%E0%A4%BE%E0%A4%A8%E0%A5%80+%E0%A4%AB%E0%A5%8B%E0%A4%9F%E0%A5%8B%E0%A4%B8%E0%A5%8D%E0%A4%9F%E0%A5%87%E0%A4%9F+Cybercafe/data=!4m7!3m6!1s0x398db7424ca0ef53:0x34c49aef82b0bbdf!8m2!3d24.9540698!4d84.0146888!16s%2Fg%2F11g10nhln1!19sChIJU--gTEK3jTkR37uwgu-axDQ?authuser=0&hl=en&rclk=1
MODI CARE & INTERNET CAFE,Sasaram,,,Not Available,,Not Available,"X237+JVG, Dilia, Sasaram, Bihar 821115, India",https://www.google.com/maps/place/MODI+CARE+%26+INTERNET+CAFE/data=!4m7!3m6!1s0x398db70ede7958bd:0xc7ab328254ee952e!8m2!3d24.9540703!4d84.0146977!16s%2Fg%2F11jcvkh0r4!19sChIJvVh53g63jTkRLpXuVIIyq8c?authuser=0&hl=en&rclk=1
Raj Communication,Sasaram,5.0,2.0,+91 74929 25191,,Not Available,"Kuraich Mahavir Asthan, Alampur, Bihar 821115, India",https://www.google.com/maps/place/Raj+Communication/data=!4m7!3m6!1s0x398db162bbd9173f:0x511d13805226e588!8m2!3d24.9634377!4d84.0172818!16s%2Fg%2F11tt6jyqym!19sChIJPxfZu2KxjTkRiOUmUoATHVE?authuser=0&hl=en&rclk=1
Prince Cyber Cafe and Book Store,Sasaram,4.0,,+91 90062 89920,,Not Available,"Shershah collage lalganj nahar, Sasaram, Bihar 821115, India",https://www.google.com/maps/place/Prince+Cyber+Cafe+and+Book+Store/data=!4m7!3m6!1s0x398db732614a258b:0x9c3cb0c705779835!8m2!3d24.9538803!4d84.0142866!16s%2Fg%2F11w2bj4zz3!19sChIJiyVKYTK3jTkRNZh3BcewPJw?authuser=0&hl=en&rclk=1
New Vision Library and cyber cafe,Sasaram,4.9,,Not Available,,Not Available,"South of V-MART, Ara - Sasaram Rd, Gaurakshani, Sasaram, Bihar 821115, India",https://www.google.com/maps/place/New+Vision+Library+and+cyber+cafe/data=!4m7!3m6!1s0x398db7c046ee680b:0xad386c1df70b1768!8m2!3d24.959069!4d84.0159235!16s%2Fg%2F11jz75lcd7!19sChIJC2juRsC3jTkRaBcL9x1sOK0?authuser=0&hl=en&rclk=1
Munna Enterprises,Sasaram,5.0,5.0,+91 94302 02428,,Not Available,"Muradabad, Sasaram, Muradabad Khurd, Bihar 821113, India",https://www.google.com/maps/place/Munna+Enterprises/data=!4m7!3m6!1s0x398db70e3b55baab:0xeb657091951f1ec4!8m2!3d24.97218!4d84.0006648!16s%2Fg%2F11sdf3ndqy!19sChIJq7pVOw63jTkRxB4flZFwZes?authuser=0&hl=en&rclk=1
SRI RAM CYBER CAFE,Sasaram,4.1,833.0,Not Available,,Not Available,"Train ticket booking DAK BANGLA MARKET NEAR BUS STEND SHOP NUMER 52, Sasaram, Bihar 821115, India",https://www.google.com/maps/place/SRI+RAM+CYBER+CAFE/data=!4m7!3m6!1s0x398db7384e4bd33d:0x4d47b43294b8b0d9!8m2!3d24.9542232!4d84.0146836!16s%2Fg%2F11jmw8xy01!19sChIJPdNLTji3jTkR2bC4lDK0R00?authuser=0&hl=en&rclk=1
ADARSH CYBER CAFE,Sasaram,,,Not Available,,Not Available,"Village -Gijwahi,p/o, p/s, Karwandiya, sasaram, Bihar 821305, India",https://www.google.com/maps/place/ADARSH+CYBER+CAFE/data=!4m7!3m6!1s0x398db1a5f0754f99:0xba82851282b56ec9!8m2!3d24.9253075!4d84.0666048!16s%2Fg%2F11yyvscnt5!19sChIJmU918KWxjTkRyW61ghKFgro?authuser=0&hl=en&rclk=1
Rakesh Cyber Cafe,Sasaram,4.0,1.0,+91 85389 68014,,Not Available,"Kadirganj, Sasaram, Pratapganj, Bihar 821115, India",https://www.google.com/maps/place/Rakesh+Cyber+Cafe/data=!4m7!3m6!1s0x398db103c0e3c0db:0xde5c5f733f16ba6d!8m2!3d24.9441403!4d84.0215341!16s%2Fg%2F11v02zr510!19sChIJ28DjwAOxjTkRbboWP3NfXN4?authuser=0&hl=en&rclk=1
Smart digital service Cyber cafe,Sasaram,,,Not Available,,Not Available,"Chanravanshi Nagar, Sasaram, Bihar 821113, India",https://www.google.com/maps/place/Smart+digital+service+Cyber+cafe/data=!4m7!3m6!1s0x398db70031398365:0xb61e8eb962c78934!8m2!3d24.9491865!4d83.991128!16s%2Fg%2F11xp8h64k2!19sChIJZYM5MQC3jTkRNInHYrmOHrY?authuser=0&hl=en&rclk=1
Rangoli Computers,Sasaram,3.8,,+91 99340 79481,,Not Available,"X244+R72, NS-004-0034, Takiya Sasaram, Sasaram, Bihar 821113, India",https://www.google.com/maps/place/Rangoli+Computers/data=!4m7!3m6!1s0x398db745f05fd3fd:0x4f9ba879d0fa9bf2!8m2!3d24.9567349!4d84.005716!16s%2Fg%2F11g8xgylrq!19sChIJ_dNf8EW3jTkR8pv60Hmom08?authuser=0&hl=en&rclk=1
AG Cafe & Restaurant,Sasaram,4.4,,Not Available,,Not Available,"Grand Chandra Complex, 2nd Floor, near Kachahri Petrol Pump, Sasaram, Bihar 821115, India",https://www.google.com/maps/place/AG+Cafe+%26+Restaurant/data=!4m7!3m6!1s0x398db758c0763ea5:0xd150ed8bc86c0114!8m2!3d24.9532607!4d84.0122925!16s%2Fg%2F11qpxmwl9z!19sChIJpT52wFi3jTkRFAFsyIvtUNE?authuser=0&hl=en&rclk=1
Reshma Enterprises,Sasaram,3.7,,+91 99055 53922,,Not Available,"Head Post office Road, Laxkariganj, Sasaram, Bihar 821115, India",https://www.google.com/maps/place/Reshma+Enterprises/data=!4m7!3m6!1s0x398db7e5a5d87671:0x46f8dcdeb934d31a!8m2!3d24.9531412!4d84.0139762!16s%2Fg%2F11hf94yv96!19sChIJcXbYpeW3jTkRGtM0ud7c-EY?authuser=0&hl=en&rclk=1
MUKESH COMPUTER CHITAULI,Sasaram,4.6,,+91 90650 72153,,Not Available,"Vill Shivpur Chitauli, P.o Muradabad, Sasaram, Bihar 821113, India",https://www.google.com/maps/place/MUKESH+COMPUTER+CHITAULI/data=!4m7!3m6!1s0x398db91e543f7f1d:0x8d6688411fecea27!8m2!3d24.9836097!4d83.987125!16s%2Fg%2F11sth8qt7w!19sChIJHX8_VB65jTkRJ-rsH0GIZo0?authuser=0&hl=en&rclk=1
Zest Dining Restaurant & Party Hall,Sasaram,4.8,,+91 73600 99512,,https://www.instagram.com/_zest_dining?igsh=MXkxeGk3Z3duZjRzZA==,"1st & 2nd Floor, Nexus Infinity, Prem Chand Path, Gaurakshani, Sasaram, Bihar 821115, India",https://www.google.com/maps/place/Zest+Dining+Restaurant+%26+Party+Hall/data=!4m7!3m6!1s0x398db11c400f97bf:0x93bce9e409fc75af!8m2!3d24.9582304!4d84.0159939!16s%2Fg%2F11vjgd5q1b!19sChIJv5cPQByxjTkRr3X8CeTpvJM?authuser=0&hl=en&rclk=1
Ayat internet cafe,Sasaram,5.0,,Not Available,,Not Available,"W2W7+77P, jani bazar, mochi tola, Sasaram, Bihar 821115, India",https://www.google.com/maps/place/Ayat+internet+cafe/data=!4m7!3m6!1s0x398db70cfa9adf5d:0xb9e784726274e578!8m2!3d24.9457127!4d84.0131919!16s%2Fg%2F11lg2sppwz!19sChIJXd-a-gy3jTkReOV0YnKE57k?authuser=0&hl=en&rclk=1
Prince Cyber Cafe,Sasaram,4.7,,Not Available,,Not Available,"W2X8+7F4, Moh-Sherganj, Shahjuma Rd, Sasaram, Bihar 821115, India",https://www.google.com/maps/place/Prince+Cyber+Cafe/data=!4m7!3m6!1s0x398db72d9a3907f7:0xeed05ef5e417ce52!8m2!3d24.9481281!4d84.0162022!16s%2Fg%2F11fjpg8dbb!19sChIJ9wc5mi23jTkRUs4X5PVe0O4?authuser=0&hl=en&rclk=1
CSC Digital Seva Kendra,Sasaram,4.0,,Not Available,,Not Available,"Unnamed Road, Sasaram, Bihar 821113, India",https://www.google.com/maps/place/CSC+Digital+Seva+Kendra/data=!4m7!3m6!1s0x398db7a0957bd93d:0x17595c6b1179db57!8m2!3d24.9610516!4d84.003949!16s%2Fg%2F11h1l0xmps!19sChIJPdl7laC3jTkRV9t5EWtcWRc?authuser=0&hl=en&rclk=1
Sai Cyber Cafe,Sasaram,3.4,,Not Available,,Not Available,"Unnamed Road, Nooran Ganj, Sasaram, Pratapganj, Bihar 821115, India",https://www.google.com/maps/place/Sai+Cyber+Cafe/data=!4m7!3m6!1s0x398db0cc7c3ac12b:0xbb963a36f2dac86e!8m2!3d24.9442284!4d84.0196487!16s%2Fg%2F11f53mj193!19sChIJK8E6fMywjTkRbsja8jY6lrs?authuser=0&hl=en&rclk=1
City Cyber,Sasaram,,,+91 95070 44462,,Not Available,"X288+2V9 Mahaveer Temple, SH 12, P S Nagar, Sasaram, Kuraich, Bihar 821115, India",https://www.google.com/maps/place/City+Cyber/data=!4m7!3m6!1s0x398db1c8524d3999:0x33cd5159ad62a0b3!8m2!3d24.9649434!4d84.0171843!16s%2Fg%2F11vj28j1s9!19sChIJmTlNUsixjTkRs6BirVlRzTM?authuser=0&hl=en&rclk=1
OM GIFT & CYBER CAFE,Sasaram,5.0,,Not Available,,Not Available,"near KASHI KABADA, TAKIYA, BAZAR, Sasaram, Bihar 821113, India",https://www.google.com/maps/place/OM+GIFT+%26+CYBER+CAFE/data=!4m7!3m6!1s0x398db7405d9f2e55:0x256690e832c893a1!8m2!3d24.9566948!4d84.006542!16s%2Fg%2F11qg938ng4!19sChIJVS6fXUC3jTkRoZPIMuiQZiU?authuser=0&hl=en&rclk=1
"Vishal Pashuaahar , General Store and cyber cafe",Sasaram,5.0,,Not Available,,Not Available,"Unnamed Road, Jagdev Nagar, bouliya road, Ashikpur, Pratapganj, Bihar 821115, India","https://www.google.com/maps/place/Vishal+Pashuaahar+,+General+Store+and+cyber+cafe/data=!4m7!3m6!1s0x398db1620ff5ffcd:0x2a5970c223fa8b81!8m2!3d24.9519375!4d84.0258125!16s%2Fg%2F11h03f5955!19sChIJzf_1D2KxjTkRgYv6I8JwWSo?authuser=0&hl=en&rclk=1"
Online Test Adda,Sasaram,4.7,,+91 99557 04111,,Not Available,"2nd Floor, Rohtas Ultrasound, Rauza Rd, near Vikas Nursing Home, Sasaram, Bihar 821115, India",https://www.google.com/maps/place/Online+Test+Adda/data=!4m7!3m6!1s0x398db0b56b82d07d:0x75ace766bc81df8!8m2!3d24.9508117!4d84.0108434!16s%2Fg%2F11d_23rxdp!19sChIJfdCCa7WwjTkR-B3Ia3bOWgc?authuser=0&hl=en&rclk=1
"Friend,s Cyber Cafe",Sasaram,4.8,8.0,+91 62004 33540,,Not Available,"Prabhakar Mod, Prabhakar Mod, Civil Line Road, Civil Line, near Sant Paul's School, opposite Sasaram, Sasaram, Bihar 821115, India","https://www.google.com/maps/place/Friend,s+Cyber+Cafe/data=!4m7!3m6!1s0x398db75cec91c46f:0x96716d775dbc1d42!8m2!3d24.9540978!4d84.0027489!16s%2Fg%2F11vj61y1nz!19sChIJb8SR7Fy3jTkRQh28XXdtcZY?authuser=0&hl=en&rclk=1"
Bhagwati Enterprises,Sasaram,4.5,2.0,+91 91551 68716,,Not Available,"Fazalganj, Sasaram, Bihar 821115, India",https://www.google.com/maps/place/Bhagwati+Enterprises/data=!4m7!3m6!1s0x398db73ff59b0c75:0x83b5770dea077086!8m2!3d24.9535506!4d83.9952113!16s%2Fg%2F11wxszmvd4!19sChIJdQyb9T-3jTkRhnAH6g13tYM?authuser=0&hl=en&rclk=1
m.s sk enterprisses,Sasaram,4.0,4.0,+91 62005 21455,,Not Available,"Ara - Sasaram Rd, ara, Nooran Ganj, Arrah, karpurwa, Bihar 821115, India",https://www.google.com/maps/place/m.s+sk+enterprisses/data=!4m7!3m6!1s0x398db7ea889b75a9:0x6bdf5d34ac1abf59!8m2!3d24.9449386!4d84.0046785!16s%2Fg%2F11scc674c_!19sChIJqXWbiOq3jTkRWb8arDRd32s?authuser=0&hl=en&rclk=1
AASHIRWAD COMMUNICATION,Sasaram,4.1,,Not Available,,Not Available,"X245+CWP, Buxar - Chausa - Sasaram Rd, Takiya Sasaram, Sasaram, Bihar 821115, India",https://www.google.com/maps/place/AASHIRWAD+COMMUNICATION/data=!4m7!3m6!1s0x398db7457155fda3:0x39cc9b133d11e7a0!8m2!3d24.9560794!4d84.0098327!16s%2Fg%2F11ddzpt67q!19sChIJo_1VcUW3jTkRoOcRPRObzDk?authuser=0&hl=en&rclk=1
Maa durga cyber cafe,Sasaram,,,Not Available,,Not Available,"Rauza Rd, Laxkariganj, Sasaram, Bihar 821115, India",https://www.google.com/maps/place/Maa+durga+cyber+cafe/data=!4m7!3m6!1s0x398db7a69741caab:0xb19d386ca00c4c2e!8m2!3d24.9515871!4d84.0117753!16s%2Fg%2F11yfpw0hzn!19sChIJq8pBl6a3jTkRLkwMoGw4nbE?authuser=0&hl=en&rclk=1
Munni's Common Service Center,Sasaram,,,+91 94700 15534,,Not Available,"Vishwakarma Mandir Badhayabajh, Sasaram, Muradabad kalan, Bihar 821113, India",https://www.google.com/maps/place/Munni%27s+Common+Service+Center/data=!4m7!3m6!1s0x398db7cd2465449d:0xfe6b94c945492add!8m2!3d24.9622058!4d84.0023647!16s%2Fg%2F11ss4w4dlj!19sChIJnURlJM23jTkR3SpJRcmUa_4?authuser=0&hl=en&rclk=1
Saroj Gupta CYBER POINT,Sasaram,5.0,,+91 95040 72391,,Not Available,"baulia rod rauniyar, Dharmshala Rd, Nooran Ganj, Sasaram, Bihar 821115, India",https://www.google.com/maps/place/Saroj+Gupta+CYBER+POINT/data=!4m7!3m6!1s0x398db1601d582153:0x5c24488cddf000a8!8m2!3d24.9538803!4d84.0142866!16s%2Fg%2F11x0nmh586!19sChIJUyFYHWCxjTkRqADw3YxIJFw?authuser=0&hl=en&rclk=1
Mahadev Cyber Cafe,Sasaram,0.0,,+91 91131 38944,,Not Available,"Jagdev Nagar, Ashikpur, Sasaram, Pratapganj, Bihar 821115, India",https://www.google.com/maps/place/Mahadev+Cyber+Cafe/data=!4m7!3m6!1s0x398db17568accd9b:0xd0e8af1d78a89b03!8m2!3d24.9508428!4d84.0262391!16s%2Fg%2F11y3t7kj6c!19sChIJm82saHWxjTkRA5uoeB2v6NA?authuser=0&hl=en&rclk=1
