Business Name,City,Rating,Reviews Count,Phone Number,Email,Website,Full Address,Google Maps Link
PURNIA CYBER CAFE,Purnia,4.9,,+91 72609 83512,,http://www.purniacybercafe.in/,"RAHMAN CHOWK, Chhoti Masjid Rd, Khazanchi Haat, Line Bazar, Purnia, Bihar 854301, India",https://www.google.com/maps/place/PURNIA+CYBER+CAFE/data=!4m7!3m6!1s0x39eff97b3a9337dd:0x9ee3bd03e08029e6!8m2!3d25.7805076!4d87.4916923!16s%2Fg%2F11s7jx2zcz!19sChIJ3TeTOnv57zkR5imA4AO9454?authuser=0&hl=en&rclk=1
CYBER VALLEY,Purnia,4.7,,+91 85820 19860,,http://www.facebook.com/cybervalleycsc,"shitla mandir, CYBER VALLEY ROAD, Sukhnagar Rd, Madhubani, Purnia, Bihar 854301, India",https://www.google.com/maps/place/CYBER+VALLEY/data=!4m7!3m6!1s0x39eff98479a0be89:0xddc02dddeee6cd18!8m2!3d25.7890793!4d87.4674875!16s%2Fg%2F11g8fzv6nq!19sChIJib6geYT57zkRGM3m7t0twN0?authuser=0&hl=en&rclk=1
City Cyber Cafe Purnia,Purnia,4.6,,+91 79924 09910,,Not Available,"gokul krishna, Ashram Rd, near Congress Office, Subhash Nagar, Purnia, Bihar 854301, India",https://www.google.com/maps/place/City+Cyber+Cafe+Purnia/data=!4m7!3m6!1s0x39eff959ca4a4b85:0xd668f375c714d6b3!8m2!3d25.7643289!4d87.4737367!16s%2Fg%2F11fdwwm_hq!19sChIJhUtKyln57zkRs9YUx3XzaNY?authuser=0&hl=en&rclk=1
CEC INTERNET CAFE,Purnia,4.8,,+91 93084 19550,,Not Available,"Madhubani, Purnia, Bihar 854301, India",https://www.google.com/maps/place/CEC+INTERNET+CAFE/data=!4m7!3m6!1s0x39eff97f6f2cb8df:0xc2e8faa31bfe5b6f!8m2!3d25.7823855!4d87.4611088!16s%2Fg%2F11f4l959ql!19sChIJ37gsb3_57zkRb1v-G6P66MI?authuser=0&hl=en&rclk=1
Purnea Net Cafe,Purnia,4.3,,+91 76676 87211,,Not Available,"Chowk, near Kali Mandir, Defence Colony, Rambagh, Purnia, Bihar 854301, India",https://www.google.com/maps/place/Purnea+Net+Cafe/data=!4m7!3m6!1s0x39eff9788a42fd25:0x53fb1e4916a3b60b!8m2!3d25.7909871!4d87.4960902!16s%2Fg%2F11qf_wcmzj!19sChIJJf1Cinj57zkRC7ajFkke-1M?authuser=0&hl=en&rclk=1
GANPATI STUDIO & RAJA CYBER CAFE,Purnia,5.0,,Not Available,,Not Available,"near NAHAR, Newalal Chowk, Vivekanand Colony, Purnia, Bihar 854301, India",https://www.google.com/maps/place/GANPATI+STUDIO+%26+RAJA+CYBER+CAFE/data=!4m7!3m6!1s0x39ed59f88f95824b:0xec69dc6bf81402d!8m2!3d25.7628424!4d87.4850633!16s%2Fg%2F11fkdmq516!19sChIJS4KVj_hZ7TkRLUCBv8adxg4?authuser=0&hl=en&rclk=1
Digital Cyber World,Purnia,4.8,,+91 80517 74896,,https://www.digitalcyberworld.in/,"Bhagalpur Hotel, Shiv Mandir Rd, Ashiyana Colony, Line Bazar, Purnia, Bihar 854301, India",https://www.google.com/maps/place/Digital+Cyber+World/data=!4m7!3m6!1s0x39eff9a70f076307:0x869a8ad728a0f32d!8m2!3d25.779039!4d87.4877136!16s%2Fg%2F11rtszg7b9!19sChIJB2MHD6f57zkRLfOgKNeKmoY?authuser=0&hl=en&rclk=1
Multix Cafe,Purnia,4.3,,+91 94714 05060,,Not Available,"NH-57 Road, near Bhoothnath Mandir, Prabhat Colony, Purnia, Bihar 854301, India",https://www.google.com/maps/place/Multix+Cafe/data=!4m7!3m6!1s0x39eff9a0d50879fb:0x20b6f32b13e55d97!8m2!3d25.7863293!4d87.4845775!16s%2Fg%2F11bwp2x0xd!19sChIJ-3kI1aD57zkRl13lEyvztiA?authuser=0&hl=en&rclk=1
VisionX Cyber CSC Center,Purnia,4.7,,+91 99050 35399,,https://visonx.co.in/,"QF69+4FF, Ram Nagar, Purnia, Bihar 854303, India",https://www.google.com/maps/place/VisionX+Cyber+CSC+Center/data=!4m7!3m6!1s0x39eff980b9b09b1d:0x9d77220a712839af!8m2!3d25.7603016!4d87.4684507!16s%2Fg%2F11s11qmxlm!19sChIJHZuwuYD57zkRrzkocQoid50?authuser=0&hl=en&rclk=1
Digital Delight Cyber Cafe,Purnia,5.0,,+91 79798 95248,,Not Available,"Mohammedia Masjid Road, near Mohammdia Masjid, Hazrat Ganj, Khazanchi Haat, Madhopara, Purnia, Bihar 854301, India",https://www.google.com/maps/place/Digital+Delight+Cyber+Cafe/data=!4m7!3m6!1s0x39eff90fe64bffdd:0x4cefd791336f0c4f!8m2!3d25.7814017!4d87.4946823!16s%2Fg%2F11x9b6gszd!19sChIJ3f9L5g_57zkRTwxvM5HX70w?authuser=0&hl=en&rclk=1
Shiv Cafe,Purnia,4.6,,+91 75419 40070,,https://chat.whatsapp.com/J9aeyxHLdKQ1sRcEhTQ07n,"Purnea College Campus Purnea College Campus, Bihar 854301, India",https://www.google.com/maps/place/Shiv+Cafe/data=!4m7!3m6!1s0x39eff9a3c56f807b:0x5d966c23919a4095!8m2!3d25.7930277!4d87.4696003!16s%2Fg%2F11t5dx5m9n!19sChIJe4BvxaP57zkRlUCakSNsll0?authuser=0&hl=en&rclk=1
Purnea Cyber Cafe,Purnia,4.7,,+91 86779 77590,,Not Available,"Ward No 18, Deepak Kumar, Purnea College Rd, near Hanuman Mandir, Pratap Nagar, Purnia, Bihar 854301, India",https://www.google.com/maps/place/Purnea+Cyber+Cafe/data=!4m7!3m6!1s0x39eff976d80c91d3:0x9f57b41e68669d1b!8m2!3d25.7913127!4d87.4698164!16s%2Fg%2F11j1mghfdj!19sChIJ05EM2Hb57zkRG51maB60V58?authuser=0&hl=en&rclk=1
NEW CYBER CAFE & DIGITAL STUDIO,Purnia,4.5,,+91 88735 29728,,Not Available,"Rangbhumi Mahinda Road, near Pashu Palan Office, Purnia, Bihar 854301, India",https://www.google.com/maps/place/NEW+CYBER+CAFE+%26+DIGITAL+STUDIO/data=!4m7!3m6!1s0x39eff9780155aa31:0x9cc0d2c492a1ff66!8m2!3d25.7832083!4d87.4702366!16s%2Fg%2F11gfnh6s11!19sChIJMapVAXj57zkRZv-hksTSwJw?authuser=0&hl=en&rclk=1
Netflix cafe,Purnia,,,Not Available,,Not Available,"civil Court compound, Mahila College Road, near Sal Tax Chowk, Mariam Nagar, Purnia, Bihar 854301, India",https://www.google.com/maps/place/Netflix+cafe/data=!4m7!3m6!1s0x39eff90037e2873d:0xc029370fa52bc4aa!8m2!3d25.7712683!4d87.4665292!16s%2Fg%2F11vm0qts5w!19sChIJPYfiNwD57zkRqsQrpQ83KcA?authuser=0&hl=en&rclk=1
Virtual Cyber Cafe & Mobile Service,Purnia,5.0,,+91 77798 47444,,Not Available,"Driver Tola, Road, near Ideal Study Point, Rambagh, Khairuganj, Purnia, Bihar 854301, India",https://www.google.com/maps/place/Virtual+Cyber+Cafe+%26+Mobile+Service/data=!4m7!3m6!1s0x39eff93027b9147f:0x67d90529576bc0ab!8m2!3d25.7938419!4d87.4956322!16s%2Fg%2F11ynlwyhww!19sChIJfxS5JzD57zkRq8BrVykF2Wc?authuser=0&hl=en&rclk=1
Neha Cafe,Purnia,4.7,,+91 70610 37322,,Not Available,"Internet Cyber Cafe, Jhil Tola Chwk, Purnia, Bihar 854304, India",https://www.google.com/maps/place/Neha+Cafe/data=!4m7!3m6!1s0x39eff9893b5641c1:0xe782def2aa13d877!8m2!3d25.7979723!4d87.482199!16s%2Fg%2F11rcnt_0mc!19sChIJwUFWO4n57zkRd9gTqvLeguc?authuser=0&hl=en&rclk=1
Internet Hub,Purnia,4.7,,+91 94309 68174,,Not Available,"Kali Asthan, Ashram Rd, Shivpuri, Patna, Purnia, Bihar 854301, India",https://www.google.com/maps/place/Internet+Hub/data=!4m7!3m6!1s0x39eff96eb0ad92eb:0x87088465aa46f904!8m2!3d25.7660677!4d87.4742878!16s%2Fg%2F11fzywq10l!19sChIJ65KtsG757zkRBPlGqmWECIc?authuser=0&hl=en&rclk=1
AASTHA CYBER CAFE,Purnia,4.9,,+91 82075 97503,,Not Available,"Manjhli Chowk, Madhubani, Purnia, Bihar 854301, India",https://www.google.com/maps/place/AASTHA+CYBER+CAFE/data=!4m7!3m6!1s0x39effb1e4095206b:0xee097c3002c5c8b9!8m2!3d25.7821281!4d87.4596529!16s%2Fg%2F11zjyjgny1!19sChIJayCVQB777zkRucjFAjB8Ce4?authuser=0&hl=en&rclk=1
Sumitra Cyber Cafe,Purnia,3.9,,Not Available,,Not Available,"Infront of Ursuline Convent, Purnia, Bihar 854301, India",https://www.google.com/maps/place/Sumitra+Cyber+Cafe/data=!4m7!3m6!1s0x39eff96ea85c6eff:0x9839e1586745e8a7!8m2!3d25.7875948!4d87.4731485!16s%2Fg%2F11g0h187xs!19sChIJ_25cqG757zkRp-hFZ1jhOZg?authuser=0&hl=en&rclk=1
Apple Cyber Cafe,Purnia,4.0,,+91 85074 34120,,Not Available,"QFHQ+R5H, Shiv Mandir Rd, near rbc press, Ashiyana Colony, Line Bazar, Purnia, Bihar 854301, India",https://www.google.com/maps/place/Apple+Cyber+Cafe/data=!4m7!3m6!1s0x39eff908faf19765:0xcd3aeea8d490f95c!8m2!3d25.7795682!4d87.4879849!16s%2Fg%2F11csq9x84l!19sChIJZZfx-gj57zkRXPmQ1KjuOs0?authuser=0&hl=en&rclk=1
AB STUDIOS AND CYBER CAFE,Purnia,5.0,,+91 91171 76967,,Not Available,"Dig chowk, Purnia, Bihar 854301, India",https://www.google.com/maps/place/AB+STUDIOS+AND+CYBER+CAFE/data=!4m7!3m6!1s0x39eff9af162e99b1:0x9d2f55ab691d9b7f!8m2!3d25.7880619!4d87.4779114!16s%2Fg%2F11s7qxrfpj!19sChIJsZkuFq_57zkRf5sdaatVL50?authuser=0&hl=en&rclk=1
Cyber Cafe,Purnia,4.0,,Not Available,,Not Available,"QFW9+VJ9, Madhubani, Purnia, Bihar 854304, India",https://www.google.com/maps/place/Cyber+Cafe/data=!4m7!3m6!1s0x39eff98fc8320839:0x34ae9abe3147fe39!8m2!3d25.7971521!4d87.4691038!16s%2Fg%2F11g99l648d!19sChIJOQgyyI_57zkROf5HMb6arjQ?authuser=0&hl=en&rclk=1
Vishal Internet Cafe,Purnia,5.0,,+91 94731 06204,,Not Available,"Main Road, Rambagh, Purnia, Bihar 854304, India",https://www.google.com/maps/place/Vishal+Internet+Cafe/data=!4m7!3m6!1s0x39eff9496ce93a75:0xa2b472d887761f1c!8m2!3d25.7977257!4d87.4992941!16s%2Fg%2F11t14l34lg!19sChIJdTrpbEn57zkRHB92h9hytKI?authuser=0&hl=en&rclk=1
Rambagh Digital Internet Cafe,Purnia,3.8,,+91 77395 32851,,Not Available,"Unnamed Road, Rambagh, Purnia, Bihar 854301, India",https://www.google.com/maps/place/Rambagh+Digital+Internet+Cafe/data=!4m7!3m6!1s0x39eff953769b48e3:0x3e94c9bccccd23b7!8m2!3d25.790743!4d87.4964205!16s%2Fg%2F11gs67dh35!19sChIJ40ibdlP57zkRtyPNzLzJlD4?authuser=0&hl=en&rclk=1
Laxmi net cafe,Purnia,5.0,,+91 95707 21534,,Not Available,"Driver tola, Rambagh, Purnia, Bihar 854301, India",https://www.google.com/maps/place/Laxmi+net+cafe/data=!4m7!3m6!1s0x39eff95c09a7e5b5:0x4fbb3bb25653d8bc!8m2!3d25.7931253!4d87.4959937!16s%2Fg%2F11mdfnhxzc!19sChIJteWnCVz57zkRvNhTVrI7u08?authuser=0&hl=en&rclk=1
Aditya Cyber Cafe,Purnia,4.4,,+91 79797 11051,,Not Available,"Jayprakash Nagar, Purnea College Chowk, Purnia, Bihar 854301, India",https://www.google.com/maps/place/Aditya+Cyber+Cafe/data=!4m7!3m6!1s0x39eff98a8f51af6b:0xcb556b2c5cd0099d!8m2!3d25.7906486!4d87.469817!16s%2Fg%2F11hypngd2n!19sChIJa69Rj4r57zkRnQnQXCxrVcs?authuser=0&hl=en&rclk=1
Apna Digital Seva,Purnia,5.0,,Not Available,,Not Available,"Icm coaching campus, near Mohammadia masjid, Hazrat Ganj, Khazanchi Haat, hazratganj, Purnia, Bihar 854301, India",https://www.google.com/maps/place/Apna+Digital+Seva/data=!4m7!3m6!1s0x39eff900360b1055:0x5a8878f502eac38d!8m2!3d25.7813217!4d87.4943567!16s%2Fg%2F11z12t_w6n!19sChIJVRALNgD57zkRjcPqAvV4iFo?authuser=0&hl=en&rclk=1
Vivek Cyber Cafe,Purnia,4.0,,+91 62875 00146,,Not Available,"New, Power Grid Rd, Ram Nagar, Purnia, Bihar 854303, India",https://www.google.com/maps/place/Vivek+Cyber+Cafe/data=!4m7!3m6!1s0x39eff9d17ca1a653:0xce75c74de77a0b61!8m2!3d25.7567318!4d87.4769775!16s%2Fg%2F11s2bxprj4!19sChIJU6ahfNH57zkRYQt6503Hdc4?authuser=0&hl=en&rclk=1
It-Hub Internet,Purnia,4.6,,+91 97098 37635,,Not Available,"Near, Zila School Rd, Bhatta Bazar, Navratan Hatta, Purnia, Bihar 854301, India",https://www.google.com/maps/place/It-Hub+Internet/data=!4m7!3m6!1s0x39eff90d2607bb67:0xdf608449301abc54!8m2!3d25.7739172!4d87.4808575!16s%2Fg%2F11hbr10zlx!19sChIJZ7sHJg357zkRVLwaMEmEYN8?authuser=0&hl=en&rclk=1
Maa Gayatri Digital Seva Kendra,Purnia,5.0,,+91 99556 74041,,https://maa-gayatri-digital-seva.grexa.site/,"Loha Patti Rd, near of Gayatri Mandir Road, Shastri Nagar, Purnia, Gulabbagh, Bihar 854326, India",https://www.google.com/maps/place/Maa+Gayatri+Digital+Seva+Kendra/data=!4m7!3m6!1s0x39eff93f12f7ca37:0x9eca6d3b5426d949!8m2!3d25.7887509!4d87.5342747!16s%2Fg%2F11ytb020qf!19sChIJN8r3Ej_57zkRSdkmVDttyp4?authuser=0&hl=en&rclk=1
Ms international cyber cafe all solution,Purnia,5.0,,+91 87663 28399,,https://www.mscybercafeall.in/,"Comrate mujaffar, ahmad nagar husaini masjid millat chowk, Chhoti Masjid Rd, Ashiyana Colony, Line Bazar, Purnia, Bihar 854301, India",https://www.google.com/maps/place/Ms+international+cyber+cafe+all+solution/data=!4m7!3m6!1s0x39eff9c5a1b150d5:0x43f568cc55fc4864!8m2!3d25.779619!4d87.4916052!16s%2Fg%2F11x2ylgyvk!19sChIJ1VCxocX57zkRZEj8Vcxo9UM?authuser=0&hl=en&rclk=1
Harsh Cyber Cafe,Purnia,5.0,,+91 74797 79809,,https://harshcybercafe.com/,"Rangbhumi Chowk, opposite Hotel Ranjana Palace, Pratap Nagar, Purnia, Bihar 854301, India",https://www.google.com/maps/place/Harsh+Cyber+Cafe/data=!4m7!3m6!1s0x39eff9969af01a93:0xf120d438089ab436!8m2!3d25.7862662!4d87.4711412!16s%2Fg%2F11w3rvl77n!19sChIJkxrwmpb57zkRNrSaCDjUIPE?authuser=0&hl=en&rclk=1
SOLUTION POINT,Purnia,3.5,,+91 98529 27196,,Not Available,"01, Gulabbagh City Road, Purnea, Gulabbagh, Bihar 854326, India",https://www.google.com/maps/place/SOLUTION+POINT/data=!4m7!3m6!1s0x39eff87b2a8d5e2d:0x9a0e062519995626!8m2!3d25.7940064!4d87.5290991!16s%2Fg%2F11cndbkw1b!19sChIJLV6NKnv47zkRJlaZGSUGDpo?authuser=0&hl=en&rclk=1
Cyber Center,Purnia,4.0,,+91 91223 07822,,Not Available,"Khushkibagh Hatt Road, Purnia, Bihar 854305, India",https://www.google.com/maps/place/Cyber+Center/data=!4m7!3m6!1s0x39eff85e3ffcc21b:0xedf1e0855bd8e4ae!8m2!3d25.7881961!4d87.5185285!16s%2Fg%2F11gd1wtsnv!19sChIJG8L8P1747zkRruTYW4Xg8e0?authuser=0&hl=en&rclk=1
Komal Cyber Cafe,Purnia,4.7,,+91 70705 69397,,http://komalcybercafe.in/,"Mohan Lal Bajaj Girls High School, Road, Gulabbagh, Bihar 854326, India",https://www.google.com/maps/place/Komal+Cyber+Cafe/data=!4m7!3m6!1s0x39e557d500000007:0xcbb2e7a57de108ab!8m2!3d25.788076!4d87.5320825!16s%2Fg%2F11gg677szs!19sChIJBwAAANVX5TkRqwjhfaXnsss?authuser=0&hl=en&rclk=1
J K TRADERS,Purnia,4.8,,Not Available,,Not Available,"854301, Unnamed Road, Bhatta Durga Bari, Navratan Hatta, Purnia, Bihar 854301, India",https://www.google.com/maps/place/J+K+TRADERS/data=!4m7!3m6!1s0x39eff96df8a39231:0x7a46ff0c98ca9b35!8m2!3d25.7711945!4d87.475536!16s%2Fg%2F11g8fknmw9!19sChIJMZKj-G357zkRNZvKmAz_Rno?authuser=0&hl=en&rclk=1
CYBER WORLD,Purnia,5.0,,Not Available,,Not Available,"KHUSHKIBAGH STATION ROAD, near Purnia - Siliguri Road, Purnia, Bihar 854305, India",https://www.google.com/maps/place/CYBER+WORLD/data=!4m7!3m6!1s0x39eff965a6b91f75:0x2ffb67fadbc726ef!8m2!3d25.7884117!4d87.518529!16s%2Fg%2F11mcrssjl1!19sChIJdR-5pmX57zkR7ybH2_pn-y8?authuser=0&hl=en&rclk=1
Aditya CSC & Services,Purnia,4.9,,+91 90062 27296,,Not Available,"near Polytechnic Chowk, Ram Nagar, Purnia, Bihar 854303, India",https://www.google.com/maps/place/Aditya+CSC+%26+Services/data=!4m7!3m6!1s0x39eff9a71ba15bb9:0xe3d65b6eb49ff0cb!8m2!3d25.7602102!4d87.469349!16s%2Fg%2F11rwl42h7j!19sChIJuVuhG6f57zkRy_CftG5b1uM?authuser=0&hl=en&rclk=1
Ujjawal Cafe,Purnia,,,+91 86302 18133,,Not Available,"Mandir, Doner chowk, Bhoothnath Rd, Prabhat Colony, Purnia, Bihar 854301, India",https://www.google.com/maps/place/Ujjawal+Cafe/data=!4m7!3m6!1s0x39eff98b338377e3:0x525663c888274255!8m2!3d25.7868198!4d87.4852752!16s%2Fg%2F11yn_8z09g!19sChIJ43eDM4v57zkRVUIniMhjVlI?authuser=0&hl=en&rclk=1
Fatima Digital Seva,Purnia,5.0,,+91 99106 88654,,Not Available,"Fatima Degital Seva Rahman Chowk, Chhoti Masjid Rd, Khazanchi Haat, Line Bazar, Purnia, Bihar 854301, India",https://www.google.com/maps/place/Fatima+Digital+Seva/data=!4m7!3m6!1s0x39eff99db8893ce7:0xddd20858463aa926!8m2!3d25.7807882!4d87.4917056!16s%2Fg%2F11sq3j2rhs!19sChIJ5zyJuJ357zkRJqk6RlgI0t0?authuser=0&hl=en&rclk=1
Ajeet Internet Cafe or CSC,Purnia,,,Not Available,,Not Available,"Mehta Tola, Madhubani, Purnia, Bihar 854301, India",https://www.google.com/maps/place/Ajeet+Internet+Cafe+or+CSC/data=!4m7!3m6!1s0x39effb52bf358d7f:0x6f2e38428fcd18b9!8m2!3d25.7899381!4d87.4566146!16s%2Fg%2F11spqcsvsm!19sChIJf401v1L77zkRuRjNj0I4Lm8?authuser=0&hl=en&rclk=1
Abhi Cafe,Purnia,5.0,,+91 85780 14131,,https://abhionlineupdate.in/,"Shop No 04 Ward 45, Chowk, Rangbhumi Rd, near Book Shop, Purnia, Bihar 854301, India",https://www.google.com/maps/place/Abhi+Cafe/data=!4m7!3m6!1s0x39eff9d635617825:0x3a0cb77717d3a068!8m2!3d25.7854433!4d87.4707586!16s%2Fg%2F11jzv6p1b_!19sChIJJXhhNdb57zkRaKDTF3e3DDo?authuser=0&hl=en&rclk=1
Purnea Net Cafe 2.0,Purnia,,,+91 95700 00276,,Not Available,"Sarna Chowk, Road, Bibiganj, Purnia, Bihar 854304, India",https://www.google.com/maps/place/Purnea+Net+Cafe+2.0/data=!4m7!3m6!1s0x39eff9b454d7d8a9:0x7bb2142b76361f81!8m2!3d25.7992371!4d87.4910705!16s%2Fg%2F11yfwfq_l6!19sChIJqdjXVLT57zkRgR82disUsns?authuser=0&hl=en&rclk=1
REFRESH DIGITAL POINT,Purnia,5.0,,+91 82877 18828,,Not Available,"near Millia Convent English School, Defence Colony, Rambagh, Purnia, Bihar 854301, India",https://www.google.com/maps/place/REFRESH+DIGITAL+POINT/data=!4m7!3m6!1s0x39eff9d038ed8de1:0x3bdbb99969956292!8m2!3d25.7908301!4d87.4965204!16s%2Fg%2F11h__h__k4!19sChIJ4Y3tOND57zkRkmKVaZm52zs?authuser=0&hl=en&rclk=1
Jai Mala Cyber Cafe,Purnia,5.0,,+91 97982 80881,,Not Available,"Katihar More, Khuskibagh, Purnia, Bihar 854305, India",https://www.google.com/maps/place/Jai+Mala+Cyber+Cafe/data=!4m7!3m6!1s0x39eff95cb6190809:0x93e1e49773648d31!8m2!3d25.7845167!4d87.5149126!16s%2Fg%2F11sx21zwtl!19sChIJCQgZtlz57zkRMY1kc5fk4ZM?authuser=0&hl=en&rclk=1
SHS On-line & Variety Centre,Purnia,5.0,,Not Available,,Not Available,"Balaji Complex, Chunapur Rd, Purnia, Bihar 854303, India",https://www.google.com/maps/place/SHS+On-line+%26+Variety+Centre/data=!4m7!3m6!1s0x39effb004d7c1d31:0x8a9b1fc2030e3726!8m2!3d25.7709439!4d87.4461517!16s%2Fg%2F11ywrkwmwz!19sChIJMR18TQD77zkRJjcOA8Ifm4o?authuser=0&hl=en&rclk=1
Alifa Online Centre,Purnia,5.0,,Not Available,,Not Available,"1356, Khuskibagh, Purnia, Bihar 854305, India",https://www.google.com/maps/place/Alifa+Online+Centre/data=!4m7!3m6!1s0x39eff90006669bbf:0xe5595507d5c844a5!8m2!3d25.7814198!4d87.5168772!16s%2Fg%2F11mm84pmt0!19sChIJv5tmBgD57zkRpUTI1QdVWeU?authuser=0&hl=en&rclk=1
Purnea Jan Seva Kendra,Purnia,5.0,,Not Available,,Not Available,"Rajni Chowk, Road, near Urdu middle school, opposite Ryan Public School, Navratan Hatta, Purnia, Bihar 854301, India",https://www.google.com/maps/place/Purnea+Jan+Seva+Kendra/data=!4m7!3m6!1s0x39eff90001bea62f:0x881687b8749584e8!8m2!3d25.7731493!4d87.4832973!16s%2Fg%2F11x63c5b9h!19sChIJL6a-AQD57zkR6ISVdLiHFog?authuser=0&hl=en&rclk=1
Ratan Cafe,Purnia,,,Not Available,,Not Available,"Rambagh, Purnia, Bihar 854301, India",https://www.google.com/maps/place/Ratan+Cafe/data=!4m7!3m6!1s0x39eff994dc05a0a9:0xda709c895fd61184!8m2!3d25.7907444!4d87.4964217!16s%2Fg%2F11lrv1pgxv!19sChIJqaAF3JT57zkRhBHWX4mccNo?authuser=0&hl=en&rclk=1
ISHA Multi Store & Gst Suvidha Cyber Kendra,Purnia,5.0,,Not Available,,Not Available,"QFQM+5QH, Prabhat Colony, Purnia, Bihar 854301, India",https://www.google.com/maps/place/ISHA+Multi+Store+%26+Gst+Suvidha+Cyber+Kendra/data=!4m7!3m6!1s0x39eff900011247bd:0xb88e2fe095c0e0c7!8m2!3d25.7879408!4d87.4844787!16s%2Fg%2F11x02m8rgf!19sChIJvUcSAQD57zkRx-DAleAvjrg?authuser=0&hl=en&rclk=1
A K CYBER CAFE,Purnia,5.0,,+91 93048 19211,,https://www.youtube.com/c/ABHISHEKKUMARR,"06 Basant bihar, Bihar 854303, India",https://www.google.com/maps/place/A+K+CYBER+CAFE/data=!4m7!3m6!1s0x39eff9c8affc5b93:0x2ac1ba73c77b03d2!8m2!3d25.755415!4d87.48747!16s%2Fg%2F11s0t5m_mn!19sChIJk1v8r8j57zkR0gN7x3O6wSo?authuser=0&hl=en&rclk=1
Hbkd Online Cyber Cafe,Purnia,5.0,,+91 70614 96588,,Not Available,"Lalganj Rd, Purnia, Bihar 854303, India",https://www.google.com/maps/place/Hbkd+Online+Cyber+Cafe/data=!4m7!3m6!1s0x39eff90d4b35f5f7:0x798c3f0ff6e685d0!8m2!3d25.7476029!4d87.4862166!16s%2Fg%2F11x911yzps!19sChIJ9_U1Sw357zkR0IXm9g8_jHk?authuser=0&hl=en&rclk=1
Utkarsh Communication,Purnia,5.0,,+91 97097 05955,,Not Available,"Mbi Office, Mariam Nagar, Purnia, Bihar 854301, India",https://www.google.com/maps/place/Utkarsh+Communication/data=!4m7!3m6!1s0x39eff9c8231278a9:0x88dc3ee881312a0b!8m2!3d25.771019!4d87.4682633!16s%2Fg%2F11fk2qzqgl!19sChIJqXgSI8j57zkRCyoxgeg-3Ig?authuser=0&hl=en&rclk=1
Guddu Net Point,Darbhanga,4.4,,+91 95344 44141,,Not Available,"JP Chowk, Laxmi Sagar Colony, Darbhanga, Bihar 846009, India",https://www.google.com/maps/place/Guddu+Net+Point/data=!4m7!3m6!1s0x39edb83e38ea7b39:0x3e2f6a53e9d8fb8!8m2!3d26.1531622!4d85.909024!16s%2Fg%2F11fmwh43lg!19sChIJOXvqOD647TkRuI-dPqX24gM?authuser=0&hl=en&rclk=1
NET PALACE,Darbhanga,4.3,,+91 88737 90275,,Not Available,"BK Rd, Gudri Bazar, Mogalpura, Laheriasarai, Darbhanga, Bihar 846001, India",https://www.google.com/maps/place/NET+PALACE/data=!4m7!3m6!1s0x39edb8fa221ff359:0xebf23c9b100d6e76!8m2!3d26.1190611!4d85.8982158!16s%2Fg%2F11c6y__ryl!19sChIJWfMfIvq47TkRdm4NEJs88us?authuser=0&hl=en&rclk=1
Krishna Cyber Café,Darbhanga,4.7,,+91 93865 83880,,Not Available,"4VPW+4RH, Rahamganj Chowk, opp. Ram Janki Mandir, Darbhanga, Bihar 846001, India",https://www.google.com/maps/place/Krishna+Cyber+Caf%C3%A9/data=!4m7!3m6!1s0x39edb851b564c70f:0x16c0d34a72188d97!8m2!3d26.1353233!4d85.8971094!16s%2Fg%2F11ggw808rc!19sChIJD8dktVG47TkRl40YckrTwBY?authuser=0&hl=en&rclk=1
S S CYBER WORLD DARBHANGA,Darbhanga,3.9,,+91 91226 92628,,Not Available,"4VWX+88H, SH 56, Bhathiarisarai, Darbhanga, Bihar 846004, India",https://www.google.com/maps/place/S+S+CYBER+WORLD+DARBHANGA/data=!4m7!3m6!1s0x39edb84888ebdc0f:0x8b47d4f9d799ae51!8m2!3d26.1458028!4d85.8983666!16s%2Fg%2F11cn110sl2!19sChIJD9zriEi47TkRUa6Z1_nUR4s?authuser=0&hl=en&rclk=1
Pandit Cyber Cafe,Darbhanga,4.2,,+91 75494 11502,,Not Available,"MADARPUR NEAR PRE PRIMARY HOLY CROSS SCHOOL, Darbhanga, Bihar 846004, India",https://www.google.com/maps/place/Pandit+Cyber+Cafe/data=!4m7!3m6!1s0x39edb845ac569669:0xd91f63402382101d!8m2!3d26.1407216!4d85.9017092!16s%2Fg%2F11bw51xnxy!19sChIJaZZWrEW47TkRHRCCI0BjH9k?authuser=0&hl=en&rclk=1
Haque Cyber Cafe.,Darbhanga,,,+91 97718 92007,,Not Available,"4VWR+GRH, Bhagat Singh Chowk Road, Quilaghat, Mirzapur, Darbhanga, Chataria, Bihar 846004, India",https://www.google.com/maps/place/Haque+Cyber+Cafe./data=!4m7!3m6!1s0x39edb84af7f7bcf1:0x60f53553970a3a74!8m2!3d26.1463189!4d85.892115!16s%2Fg%2F11fyls7gv9!19sChIJ8bz390q47TkRdDoKl1M19WA?authuser=0&hl=en&rclk=1
CyberCity,Darbhanga,4.9,,+91 91285 57820,,https://linktr.ee/cc.helpdesk,"Ward No - 35, Shahganj, Road, Benta, Laheriasarai, Darbhanga, Bihar 846003, India",https://www.google.com/maps/place/CyberCity/data=!4m7!3m6!1s0x39edb85f2b7737b1:0xb8911fdb5ec2bb33!8m2!3d26.1277982!4d85.9054923!16s%2Fg%2F11c467f43h!19sChIJsTd3K1-47TkRM7vCXtsfkbg?authuser=0&hl=en&rclk=1
Pintu Cyber Cafe,Darbhanga,3.9,,+91 88640 94216,,Not Available,"Azad Chowk, Bhathiarisarai, Darbhanga, Bihar 846004, India",https://www.google.com/maps/place/Pintu+Cyber+Cafe/data=!4m7!3m6!1s0x39edb84826c44a45:0x3468eb1744e87c26!8m2!3d26.1460543!4d85.8998429!16s%2Fg%2F1tksg62w!19sChIJRUrEJki47TkRJnzoRBfraDQ?authuser=0&hl=en&rclk=1
A1 CYBER POINT,Darbhanga,5.0,,+91 70338 17387,,https://t.ly/0GqAe,"WARD NO- 33, MOHALLA- RAHAMGANJ POST- LALBAGH, P.S- NAGAR, DIS DARBHANGA, PIN CORD- 846004, near JIVACHH MANDIR, Darbhanga, Bihar 846004, India",https://www.google.com/maps/place/A1+CYBER+POINT/data=!4m7!3m6!1s0x39edb9473e21b177:0xf1ef8ff9385023e5!8m2!3d26.1363132!4d85.8969458!16s%2Fg%2F11wfj2w42r!19sChIJd7EhPke57TkR5SNQOPmP7_E?authuser=0&hl=en&rclk=1
CyberVats,Darbhanga,5.0,,+91 75620 35438,,https://cybervats.website2.me/,"Laxmisagar Chowk, Road No-01, near Axis Bank ATM, Darbhanga, Bihar 846009, India",https://www.google.com/maps/place/CyberVats/data=!4m7!3m6!1s0x39edb961909397a3:0x8e79edd8efd43d7!8m2!3d26.1600893!4d85.9096294!16s%2Fg%2F11mwrmqfc4!19sChIJo5eTkGG57TkR10P9jt2e5wg?authuser=0&hl=en&rclk=1
Shubham cyber cafe Azamnagar Darbhanga (Shubham Rajput),Darbhanga,,,+91 90978 86688,,Not Available,"Azamnagar po-lalbagh, ps, Lnmu, Darbhanga, Bihar 846004, India",https://www.google.com/maps/place/Shubham+cyber+cafe+Azamnagar+Darbhanga+%28Shubham+Rajput%29/data=!4m7!3m6!1s0x39edb952dd68ba9f:0x8e0beeaed06dba6d!8m2!3d26.170645!4d85.885643!16s%2Fg%2F11txtrxpw8!19sChIJn7po3VK57TkRbbpt0K7uC44?authuser=0&hl=en&rclk=1
Sharma Cyber,Darbhanga,4.9,,+91 98680 81916,,Not Available,"New Market Shivdhara Chowk, Bihar 846004, India",https://www.google.com/maps/place/Sharma+Cyber/data=!4m7!3m6!1s0x39edb7e1b70f6c27:0x6306b9ebd6bf8b5a!8m2!3d26.1761708!4d85.8789879!16s%2Fg%2F11q2tb7qbb!19sChIJJ2wPt-G37TkRWou_1uu5BmM?authuser=0&hl=en&rclk=1
Satyam cyber cafe,Darbhanga,5.0,,+91 78707 25055,,https://whatsapp.com/channel/0029VajO7SX9xVJijI4qiP2X,"Donar Rd, near Nayak dot com, Bhathiarisarai, Darbhanga, Bihar 846004, India",https://www.google.com/maps/place/Satyam+cyber+cafe/data=!4m7!3m6!1s0x39edb9169faf7a9d:0xc31d692d3bc82cb9!8m2!3d26.145043!4d85.9011419!16s%2Fg%2F11tt5rd_jr!19sChIJnXqvnxa57TkRuSzIOy1pHcM?authuser=0&hl=en&rclk=1
M/S Shree Internet Cafe,Darbhanga,4.1,,+91 98356 85560,,Not Available,"SH 56, near L.C.S. COLLEGE, Donar, Dilabarpur, Darbhanga, Bihar 846009, India",https://www.google.com/maps/place/M%2FS+Shree+Internet+Cafe/data=!4m7!3m6!1s0x39edb86c3748e615:0x9b191d6aae676757!8m2!3d26.1446744!4d85.9178005!16s%2Fg%2F11_rlczk_!19sChIJFeZIN2y47TkRV2dnrmodGZs?authuser=0&hl=en&rclk=1
Shubham Cyber,Darbhanga,4.2,,+91 91286 87489,,Not Available,"Khanka Chowk, Bhathiarisarai, Darbhanga, Bihar 846004, India",https://www.google.com/maps/place/Shubham+Cyber/data=!4m7!3m6!1s0x39edb94ecd647c55:0x41fb5ba7d2718181!8m2!3d26.1486491!4d85.8982521!16s%2Fg%2F11fjn3d9c2!19sChIJVXxkzU657TkRgYFx0qdb-0E?authuser=0&hl=en&rclk=1
Ravi Cyber Cafe,Darbhanga,4.4,,+91 62069 03132,,Not Available,"009, Kabir Chak, Bihar 846009, India",https://www.google.com/maps/place/Ravi+Cyber+Cafe/data=!4m7!3m6!1s0x39edb96a66d557a3:0x14a5a7eae09fdb64!8m2!3d26.1483186!4d85.9183816!16s%2Fg%2F11r9cc2ysl!19sChIJo1fVZmq57TkRZNuf4OqnpRQ?authuser=0&hl=en&rclk=1
Mariya cyber cafe,Darbhanga,3.9,,+91 95468 72813,,Not Available,"Laheriasarai , Ramgunj chowk, Road, Darbhanga, Bihar 846001, India",https://www.google.com/maps/place/Mariya+cyber+cafe/data=!4m7!3m6!1s0x39edb8502ae9f71d:0x3742badd74239a9b!8m2!3d26.1367201!4d85.8973092!16s%2Fg%2F1th85jp3!19sChIJHffpKlC47TkRm5ojdN26Qjc?authuser=0&hl=en&rclk=1
Micro Cyber Cafe & Aadhaar Center,Darbhanga,3.8,,+91 91225 40002,,Not Available,"4VHV+39Q, Imambari, Laheriasarai, Darbhanga, Bihar 846001, India",https://www.google.com/maps/place/Micro+Cyber+Cafe+%26+Aadhaar+Center/data=!4m7!3m6!1s0x39edb855cbba7f0f:0xfb77e71b15c62ad2!8m2!3d26.1277002!4d85.8934786!16s%2Fg%2F11c59zvvd7!19sChIJD3-6y1W47TkR0irGFRvnd_s?authuser=0&hl=en&rclk=1
Aziz Cyber Point,Darbhanga,5.0,,+91 62012 07830,,Not Available,"Ward No. 31, Alam Traders, Mohalla Jamalpura Bhigo, near Optimum International School, Darbhanga, Bihar 846004, India",https://www.google.com/maps/place/Aziz+Cyber+Point/data=!4m7!3m6!1s0x39edb992a315407d:0x639aadf33296adc8!8m2!3d26.1366479!4d85.8861337!16s%2Fg%2F11yllqgrkn!19sChIJfUAVo5K57TkRyK2WMvOtmmM?authuser=0&hl=en&rclk=1
Grosvenor Service Centre,Darbhanga,5.0,,Not Available,,https://g.co/kgs/JnaVAw,", milki chak, Bihar 846009, India",https://www.google.com/maps/place/Grosvenor+Service+Centre/data=!4m7!3m6!1s0x39edb9604ded85c1:0x60bce97a593a3997!8m2!3d26.1377252!4d85.9270105!16s%2Fg%2F11pcpp921z!19sChIJwYXtTWC57TkRlzk6WXrpvGA?authuser=0&hl=en&rclk=1
Aaradhya Cyber,Darbhanga,4.8,,+91 91554 36598,,https://aaradhyacybercafe93.ac.in/,"in front of mg college, Sundarpur, Darbhanga, Bihar 846008, India",https://www.google.com/maps/place/Aaradhya+Cyber/data=!4m7!3m6!1s0x39edb9e64f734f41:0x891d779a42eedeee!8m2!3d26.1633743!4d85.8971854!16s%2Fg%2F11lgzmkpbn!19sChIJQU9zT-a57TkR7t7uQpp3HYk?authuser=0&hl=en&rclk=1
E.M CYBER CAFE,Darbhanga,5.0,,+91 96255 92343,,Not Available,"Shop No 02, Shivdhara Chowk, near Hdfc Bank, Azamnagar, Gahumi, Darbhanga, Bihar 846004, India",https://www.google.com/maps/place/E.M+CYBER+CAFE/data=!4m7!3m6!1s0x39edb7cb7185a4ad:0x5fc97a0e9fbdcd1e!8m2!3d26.1755315!4d85.8801831!16s%2Fg%2F11ypyk6tlj!19sChIJraSFccu37TkRHs29nw56yV8?authuser=0&hl=en&rclk=1
Nitesh Cyber,Darbhanga,4.5,,+91 78703 00293,,https://g.page/nitesh-cyber?gm,"C/o Naveen Electronics, Oppsite Nerolac Paints, Near C.M.Science College Lalbag, Darbhanga, Bihar 846004, India",https://www.google.com/maps/place/Nitesh+Cyber/data=!4m7!3m6!1s0x39edb834516fed5b:0xf5c7f02555a850c3!8m2!3d26.1518274!4d85.8925154!16s%2Fg%2F11c3s906dq!19sChIJW-1vUTS47TkRw1CoVSXwx_U?authuser=0&hl=en&rclk=1
"Cyber cafe, Canara Bank BC point, Canara Bank ATM, Common Service Centre CSC, Gas Godown, Laxmisagar, Darbhanga",Darbhanga,5.0,,+91 62999 95110,,Not Available,"Ambedkar Chowk, Gas Godown, Chappki Parri, Chhakar, Lakshmisagar, Darbhanga, Bihar 846009, India","https://www.google.com/maps/place/Cyber+cafe,+Canara+Bank+BC+point,+Canara+Bank+ATM,+Common+Service+Centre+CSC,+Gas+Godown,+Laxmisagar,+Darbhanga/data=!4m7!3m6!1s0x39edb937018e4f8b:0xa2990240d5f599e0!8m2!3d26.1577264!4d85.9121286!16s%2Fg%2F11k55mdx92!19sChIJi0-OATe57TkR4Jn11UACmaI?authuser=0&hl=en&rclk=1"
Roshni Cyber Point & CSC Center,Darbhanga,4.5,,+91 81020 90404,,Not Available,"Vidyapati Chowk Road, Lakshmisagar, Darbhanga, Bihar 846009, India",https://www.google.com/maps/place/Roshni+Cyber+Point+%26+CSC+Center/data=!4m7!3m6!1s0x39edb83d6e3fc6f9:0xd1e9947ef42ecb8!8m2!3d26.1587593!4d85.90914!16s%2Fg%2F11dz_0mjwk!19sChIJ-cY_bj247TkRuOxC70eZHg0?authuser=0&hl=en&rclk=1
AYUSHMAN STUDENT CYBER CAFE,Darbhanga,,,+91 70502 45680,,Not Available,"00, Kangwa, Ghumti, Bihar 846009, India",https://www.google.com/maps/place/AYUSHMAN+STUDENT+CYBER+CAFE/data=!4m7!3m6!1s0x39edb96b5de61329:0x506e1247eb35e1dc!8m2!3d26.1558968!4d85.9457837!16s%2Fg%2F11gn1_vr0q!19sChIJKRPmXWu57TkR3OE160cSblA?authuser=0&hl=en&rclk=1
SWADIST Internet Cafe,Darbhanga,5.0,,+91 70042 38822,,Not Available,"Infront of, I Campus, C P, M R M College Rd, Kutubganj, Lal Bagh, Darbhanga, Bihar 846004, India",https://www.google.com/maps/place/SWADIST+Internet+Cafe/data=!4m7!3m6!1s0x39edb94b8a94fa4d:0xc549482c4f3a99d8!8m2!3d26.1572433!4d85.8967159!16s%2Fg%2F11x2_544pg!19sChIJTfqUiku57TkR2Jk6TyxIScU?authuser=0&hl=en&rclk=1
New Cyber World,Darbhanga,3.9,,Not Available,,http://business.google.com/website/new-cyber-world-internet-cafe,"4WV4+QFQ, Donar, Darbhanga, Bihar 846004, India",https://www.google.com/maps/place/New+Cyber+World/data=!4m7!3m6!1s0x39edb84112aa4983:0x4fa1014737821636!8m2!3d26.1444602!4d85.9062345!16s%2Fg%2F11c1v0y0zp!19sChIJg0mqEkG47TkRNhaCN0cBoU8?authuser=0&hl=en&rclk=1
Maa internet cafe,Darbhanga,4.9,,Not Available,,Not Available,"HOUSE NO, 12/D, Denby Rd, near Radio Station, Kathalbari, Darbhanga, Bihar 846004, India",https://www.google.com/maps/place/Maa+internet+cafe/data=!4m7!3m6!1s0x39edb97b0e25467b:0x568689a2322547cc!8m2!3d26.1586538!4d85.9020224!16s%2Fg%2F11t7gv51kk!19sChIJe0YlDnu57TkRzEclMqKJhlY?authuser=0&hl=en&rclk=1
Prince Cyber Cafe,Darbhanga,5.0,,+91 96618 41765,,Not Available,"Raham Khan Chowk, near Urdu Road, Rahamganj, Darbhanga, Bihar 846004, India",https://www.google.com/maps/place/Prince+Cyber+Cafe/data=!4m7!3m6!1s0x39edb9948295f6dd:0x9e6c264a507c584f!8m2!3d26.1391946!4d85.8931411!16s%2Fg%2F11ln_p8lw1!19sChIJ3faVgpS57TkRT1h8UEombJ4?authuser=0&hl=en&rclk=1
CYBER FRIEND internet cafe,Darbhanga,5.0,,Not Available,,Not Available,"4VPV+CG8, Karamganj, Darbhanga, Bihar 846001, India",https://www.google.com/maps/place/CYBER+FRIEND+internet+cafe/data=!4m7!3m6!1s0x39edb900204d3d41:0x98d31a5fc297075f!8m2!3d26.1360251!4d85.8938257!16s%2Fg%2F11w3cntwqb!19sChIJQT1NIAC57TkRXweXwl8a05g?authuser=0&hl=en&rclk=1
Priti cyber world,Darbhanga,5.0,,+91 91631 45573,,Not Available,"Allalpatti, gumti east, Darbhanga, Bihar 846003, India",https://www.google.com/maps/place/Priti+cyber+world/data=!4m7!3m6!1s0x39edb96e7302247d:0x43c7c82004ccc5d2!8m2!3d26.1367944!4d85.9107119!16s%2Fg%2F11pdvw0gxx!19sChIJfSQCc2657TkR0sXMBCDIx0M?authuser=0&hl=en&rclk=1
"INTERNET CENTER DHOIGHAT, DARBHANGA",Darbhanga,5.0,,+91 91998 06300,,Not Available,"near Dhoi, Darbhanga, Lau Tola, Bihar 846009, India","https://www.google.com/maps/place/INTERNET+CENTER+DHOIGHAT,+DARBHANGA/data=!4m7!3m6!1s0x39edc7865166878f:0x75fee47c6123c5eb!8m2!3d26.1492947!4d85.9517057!16s%2Fg%2F11sd_lhm8j!19sChIJj4dmUYbH7TkR68UjYXzk_nU?authuser=0&hl=en&rclk=1"
PUSHPA CYBER CAFE,Darbhanga,5.0,,+91 70338 28363,,Not Available,"Ward No 26, Naka No 05, 026, Road, near Front Darbhanga Post Office, Bhathiarisarai, Darbhanga, Bihar 846004, India",https://www.google.com/maps/place/PUSHPA+CYBER+CAFE/data=!4m7!3m6!1s0x39edb96a052fe081:0x54d4e4ebd1c28783!8m2!3d26.1454703!4d85.9015273!16s%2Fg%2F11ysm7r7mm!19sChIJgeAvBWq57TkRg4fC0evk1FQ?authuser=0&hl=en&rclk=1
7 Star Cyber Cafe,Darbhanga,4.8,,+91 83402 54068,,Not Available,"MOHALLA-RAHAMGANJ,POST-LALBAGH,PS-LAHERIASARAI, Kamalistan Rd, near primary school, Rahamganj, Darbhanga, Bihar 846004, India",https://www.google.com/maps/place/7+Star+Cyber+Cafe/data=!4m7!3m6!1s0x39edb9490db1d1b1:0x93ebba74cce90444!8m2!3d26.1374706!4d85.8950115!16s%2Fg%2F11ttb7sgk0!19sChIJsdGxDUm57TkRRATpzHS665M?authuser=0&hl=en&rclk=1
Shivshankar Cyber Cafe,Darbhanga,5.0,,+91 95072 87947,,Not Available,"4WP3+X58, Gangasagar Lake Rd, Banker's Colony, Laheriasarai, Darbhanga, Bihar 846004, India",https://www.google.com/maps/place/Shivshankar+Cyber+Cafe/data=!4m7!3m6!1s0x39edb844c64140d7:0xcc75301ac1efdbbe!8m2!3d26.137411!4d85.902958!16s%2Fg%2F1tdlsppc!19sChIJ10BBxkS47TkRvtvvwRowdcw?authuser=0&hl=en&rclk=1
Arvind Cyber Cafe,Darbhanga,,,+91 89360 31565,,Not Available,"Bhairopatti, near satsang mandir, ganj chawk, Darbhanga, Bihar 846009, India",https://www.google.com/maps/place/Arvind+Cyber+Cafe/data=!4m7!3m6!1s0x39edb9a1722b1de5:0xd5a7aa429a23949!8m2!3d26.1418994!4d85.9231718!16s%2Fg%2F11v67jdskg!19sChIJ5R0rcqG57TkRSTmiKaR6Wg0?authuser=0&hl=en&rclk=1
RADHA RANI CYBER,Darbhanga,5.0,,+91 86031 75144,,Not Available,"RADHA RANI CYBER MK COLLEGE, Bangali Tola, Laheriasarai, Darbhanga, Bihar 846001, India",https://www.google.com/maps/place/RADHA+RANI+CYBER/data=!4m7!3m6!1s0x39edb9c3bd58255b:0x75db6e82905fb3e3!8m2!3d26.1275245!4d85.9016078!16s%2Fg%2F11xrz148h5!19sChIJWyVYvcO57TkR47NfkIJu23U?authuser=0&hl=en&rclk=1
Indira Computer,Darbhanga,5.0,,+91 74887 82604,,Not Available,"Station Rd, Benta, Laheriasarai, Darbhanga, Bihar 846001, India",https://www.google.com/maps/place/Indira+Computer/data=!4m7!3m6!1s0x39edb9cb1a9b5bf1:0x7ad29b71550a418!8m2!3d26.1178494!4d85.9010015!16s%2Fg%2F11gx_0vqm8!19sChIJ8VubGsu57TkRGKRQFbcprQc?authuser=0&hl=en&rclk=1
Kanhaiya Cyber Cafe Tour & Travels,Darbhanga,4.6,,+91 94306 00094,,Not Available,"Kanhaiya Cyber Cafe Tour & Travels Kadirabad Chowk Darbhanga Bihar, Kadirabad Rd, Kadirabad, Bihar 846004, India",https://www.google.com/maps/place/Kanhaiya+Cyber+Cafe+Tour+%26+Travels/data=!4m7!3m6!1s0x39edb82b214dcbbd:0xe1659874f661ade8!8m2!3d26.1688439!4d85.8905604!16s%2Fg%2F1q6jb2z8n!19sChIJvctNISu47TkR6K1h9nSYZeE?authuser=0&hl=en&rclk=1
ANIKA CYBER CAFE,Darbhanga,4.8,,+91 73220 65020,,Not Available,"near by GANESH MARKET, Indra Colony, Allalpatti, Bhairopatti Village, Darbhanga, Bihar 846003, India",https://www.google.com/maps/place/ANIKA+CYBER+CAFE/data=!4m7!3m6!1s0x39edb9824a37570b:0x8ff9b9566e5267eb!8m2!3d26.134685!4d85.9119589!16s%2Fg%2F11vy5r1c78!19sChIJC1c3SoK57TkR62dSbla5-Y8?authuser=0&hl=en&rclk=1
Net Xpress Hub,Darbhanga,5.0,,+91 78709 79016,,Not Available,"M.L.S.M COLLEGE, 00, Darbhanga, Bihar 846004, India",https://www.google.com/maps/place/Net+Xpress+Hub/data=!4m7!3m6!1s0x39edb9b448697d61:0xc18185435c6a4526!8m2!3d26.1586164!4d85.9053228!16s%2Fg%2F11tb3jv443!19sChIJYX1pSLS57TkRJkVqXEOFgcE?authuser=0&hl=en&rclk=1
Mithila Cyber Zone,Darbhanga,4.1,,+91 98527 56670,,Not Available,"Gangasagar, 28, SH50, near WELFARE HOSTEL, Laheriasarai, Darbhanga, Bihar 846004, India",https://www.google.com/maps/place/Mithila+Cyber+Zone/data=!4m7!3m6!1s0x39edb84453bb5ceb:0xba20386bfa3687e7!8m2!3d26.1409267!4d85.9033385!16s%2Fg%2F11dx9h2v0m!19sChIJ61y7U0S47TkR54c2-ms4ILo?authuser=0&hl=en&rclk=1
LOVELY DIGITAL HOME,Darbhanga,4.8,,+91 85211 61604,,Not Available,"BSNL OFFICE ROAD, near Al-Quba Masjid, Allalpatti, Laheriasarai, Darbhanga, Bihar 846003, India",https://www.google.com/maps/place/LOVELY+DIGITAL+HOME/data=!4m7!3m6!1s0x39edb92be8bd50c9:0xd82ab1501c2e032b!8m2!3d26.1374451!4d85.9074139!16s%2Fg%2F11q94q30_t!19sChIJyVC96Cu57TkRKwMuHFCxKtg?authuser=0&hl=en&rclk=1
Maa sharde cyber cafe,Darbhanga,3.3,,+91 86779 39321,,Not Available,"Mahatma Gandhi College Rd, Sundarpur, Darbhanga, Bihar 846004, India",https://www.google.com/maps/place/Maa+sharde+cyber+cafe/data=!4m7!3m6!1s0x39edb77b680b5957:0x4726476b420c1727!8m2!3d26.1752067!4d85.88915!16s%2Fg%2F11ngfzdj90!19sChIJV1kLaHu37TkRJxcMQmtHJkc?authuser=0&hl=en&rclk=1
Saba Cyber Point,Darbhanga,5.0,,+91 85073 41867,,Not Available,"Road, Belwaganj, Mogalpura, Laheriasarai, Darbhanga, Bihar 846001, India",https://www.google.com/maps/place/Saba+Cyber+Point/data=!4m7!3m6!1s0x39edb9d0d2cce4a1:0xa6e6a94d73cffeb0!8m2!3d26.1266467!4d85.8954682!16s%2Fg%2F11s9v7dw37!19sChIJoeTM0tC57TkRsP7Pc02p5qY?authuser=0&hl=en&rclk=1
DIGITAL PALACE CYBER CAFE,Darbhanga,5.0,,+91 96936 08663,,Not Available,"Chandi, Ekmighat to Shobhan Bypass Road, Laheriasarai, near M.R. Public School, Chandi, Darbhanga, Bihar 846003, India",https://www.google.com/maps/place/DIGITAL+PALACE+CYBER+CAFE/data=!4m7!3m6!1s0x39edb9abe9ced95f:0x4e2727bcfc34a3a4!8m2!3d26.1187534!4d85.8738653!16s%2Fg%2F11fvc7jtcs!19sChIJX9nO6au57TkRpKM0_LwnJ04?authuser=0&hl=en&rclk=1
Vidya Cyber Cafe,Darbhanga,1.0,,+91 82984 06987,,Not Available,"Sundarpur, Darbhanga, Bihar 846004, India",https://www.google.com/maps/place/Vidya+Cyber+Cafe/data=!4m7!3m6!1s0x39edb7864b47a529:0xacc416f978dc5e28!8m2!3d26.1759939!4d85.8985273!16s%2Fg%2F11hd8rtqqg!19sChIJKaVHS4a37TkRKF7cePkWxKw?authuser=0&hl=en&rclk=1
G.D.Computer,Darbhanga,3.7,,+91 92343 55837,,Not Available,"5W35+4HQ, J.P. Chowk, Laxmi Sagar, Darbhanga, Bihar 846009, India",https://www.google.com/maps/place/G.D.Computer/data=!4m7!3m6!1s0x39edb83e39765565:0x1eaa45d937417fb4!8m2!3d26.1528447!4d85.9089999!16s%2Fg%2F11f54sbzzt!19sChIJZVV2OT647TkRtH9BN9lFqh4?authuser=0&hl=en&rclk=1
Mahamaya Cyber Point,Darbhanga,5.0,,+91 91227 33630,,Not Available,"Bhandar Chowk Kathalbari Road, near Durga Mandir, Kathalbari, Darbhanga, Bihar 846004, India",https://www.google.com/maps/place/Mahamaya+Cyber+Point/data=!4m7!3m6!1s0x39edb824dc979a2d:0x48d25ecea8bc0e9!8m2!3d26.1617444!4d85.9028706!16s%2Fg%2F11f57j2mk7!19sChIJLZqX3CS47TkR6cCL6uwljQQ?authuser=0&hl=en&rclk=1
Digital Cyber Spot & CSC Center,Darbhanga,,,Not Available,,Not Available,"Road No- 01, near SBI ATM, Lakshmisagar, Darbhanga, Bihar 846009, India",https://www.google.com/maps/place/Digital+Cyber+Spot+%26+CSC+Center/data=!4m7!3m6!1s0x39edb90015ea351b:0x39f7d19eb7f7f4fb!8m2!3d26.1601035!4d85.9096189!16s%2Fg%2F11z0jjrw8z!19sChIJGzXqFQC57TkR-_T3t57R9zk?authuser=0&hl=en&rclk=1
GTPL WiFi Internet Live TV and Ott Broadband in Darbhanga Bihar,Darbhanga,4.9,,+91 93341 25186,,http://www.gtpl.net/,"Arya Samaj Rd, Mirzapur, Gullowara, Darbhanga, Bihar 846004, India",https://www.google.com/maps/place/GTPL+WiFi+Internet+Live+TV+and+Ott+Broadband+in+Darbhanga+Bihar/data=!4m7!3m6!1s0x39edb9807309c2ef:0x18815f2f4ccf3f16!8m2!3d26.150835!4d85.8919213!16s%2Fg%2F11w305cj6c!19sChIJ78IJc4C57TkRFj_PTC9fgRg?authuser=0&hl=en&rclk=1
SP DIGITAL CAFE,Darbhanga,,,Not Available,,Not Available,"Dal Mill Road, Donar, Darbhanga, Bihar 846009, India",https://www.google.com/maps/place/SP+DIGITAL+CAFE/data=!4m7!3m6!1s0x39edb9656ece96c9:0x92fe5b6382572e78!8m2!3d26.1446968!4d85.9121708!16s%2Fg%2F11zj7b0rjf!19sChIJyZbObmW57TkReC5XgmNb_pI?authuser=0&hl=en&rclk=1
Lalit Cyber,Darbhanga,3.3,3.0,+91 91220 92973,,Not Available,"5VFW+XCJ, Bela, Near Durgan Mandir Bela Chowk, champabagh, Sundarpur, Darbhanga, Bihar 846004, India",https://www.google.com/maps/place/Lalit+Cyber/data=!4m7!3m6!1s0x39edb7871f9b771b:0x7134c8e7cccceb0c!8m2!3d26.1749718!4d85.8960228!16s%2Fg%2F11hd5dx4pw!19sChIJG3ebH4e37TkRDOvMzOfINHE?authuser=0&hl=en&rclk=1
Indu Internet,Darbhanga,3.7,,Not Available,,Not Available,"Income Tax Chauraha, Kathalbari, Darbhanga, Bihar 846004, India",https://www.google.com/maps/place/Indu+Internet/data=!4m7!3m6!1s0x39edb8308a9a790d:0xa00cd55baba8cb1b!8m2!3d26.1572918!4d85.8987254!16s%2Fg%2F11b6tj0bgc!19sChIJDXmaijC47TkRG8uoq1vVDKA?authuser=0&hl=en&rclk=1
Bharti Digital seva Kendra(cyber cafe),Darbhanga,,,+91 73219 33122,,https://chat.whatsapp.com/KD1EowFv9zL3fNL9UhTt5C,"Maniyari, Post, Lalsahpur, Darbhanga, Bihar 846005, India",https://www.google.com/maps/place/Bharti+Digital+seva+Kendra%28cyber+cafe%29/data=!4m7!3m6!1s0x39edb936fe8a7d03:0x6258c204da583f72!8m2!3d26.161743!4d85.8658955!16s%2Fg%2F11ldvk67v4!19sChIJA32K_ja57TkRcj9Y2gTCWGI?authuser=0&hl=en&rclk=1
Dream Cyber Cafe,Darbhanga,3.0,,+91 98350 42776,,Not Available,"Raham khan, Rahamganj, Darbhanga, Bihar 846004, India",https://www.google.com/maps/place/Dream+Cyber+Cafe/data=!4m7!3m6!1s0x39edb9678ba262a3:0x6e27d238a766f423!8m2!3d26.1377435!4d85.8934876!16s%2Fg%2F11jyzb8htr!19sChIJo2Kii2e57TkRI_RmpzjSJ24?authuser=0&hl=en&rclk=1
Talab Cyber Cafe,Darbhanga,3.0,,+91 95257 71061,,Not Available,"Sara Mahamad, nearby Talab Cyber Cafe, Gangwara, Sara Mohanpur, Darbhanga, Bihar 846007, India",https://www.google.com/maps/place/Talab+Cyber+Cafe/data=!4m7!3m6!1s0x39edb995ad4ac951:0x72b92e641489f846!8m2!3d26.1683677!4d85.924765!16s%2Fg%2F11ww0jz0m2!19sChIJUclKrZW57TkRRviJFGQuuXI?authuser=0&hl=en&rclk=1
sukhdev csc center,Darbhanga,5.0,,+91 6272 403 260,,Not Available,"MISHRIGANJ, Patel Chowk, kafoganj, Darbhanga, Bihar 846004, India",https://www.google.com/maps/place/sukhdev+csc+center/data=!4m7!3m6!1s0x39edb90c8b2ba3b3:0xfed76044fe188870!8m2!3d26.164475!4d85.8879802!16s%2Fg%2F11rc4vn1bb!19sChIJs6Mriwy57TkRcIgY_kRg1_4?authuser=0&hl=en&rclk=1
CSC E-GOVERNANCE SERVICES PVT LTD,Darbhanga,3.9,,+91 91991 39118,,Not Available,"Devyani traders, Donar, Kabir Chak, Darbhanga, Bihar 846009, India",https://www.google.com/maps/place/CSC+E-GOVERNANCE+SERVICES+PVT+LTD/data=!4m7!3m6!1s0x39edb902c8634101:0x6c1fd368a16ebe6f!8m2!3d26.1472191!4d85.9173348!16s%2Fg%2F11m6ynb0bh!19sChIJAUFjyAK57TkRb75uoWjTH2w?authuser=0&hl=en&rclk=1
A.S. CAFE & TRAVELS,Darbhanga,5.0,,+91 84341 27438,,Not Available,"BELWAGANJ LIGHT HOUSE CINEMA ROAD, Darbhanga, Bihar 846001, India",https://www.google.com/maps/place/A.S.+CAFE+%26+TRAVELS/data=!4m7!3m6!1s0x39edb8566df873a5:0x450a8cf09651c75a!8m2!3d26.1267858!4d85.895339!16s%2Fg%2F11ggw7nzk9!19sChIJpXP4bVa47TkRWsdRlvCMCkU?authuser=0&hl=en&rclk=1
Maa Ambay Cyber Zone,Darbhanga,4.3,,+91 91994 75679,,Not Available,"Bela Dullah Rd, Sundarpur, Darbhanga, Bihar 846004, India",https://www.google.com/maps/place/Maa+Ambay+Cyber+Zone/data=!4m7!3m6!1s0x39edb787aa5e3181:0xb7b8fed65846d4bd!8m2!3d26.1750827!4d85.897302!16s%2Fg%2F11b7lmp10_!19sChIJgTFeqoe37TkRvdRGWNb-uLc?authuser=0&hl=en&rclk=1
K Cyber Cafe,Darbhanga,3.0,,+91 74819 41596,,Not Available,"008, Ruhela Ganj Road, near Gyan Sarita Public School, Sundarpur, Kadirabad, Darbhanga, Bihar 846004, India",https://www.google.com/maps/place/K+Cyber+Cafe/data=!4m7!3m6!1s0x39edb9c1dbc53d2b:0xf3c695e6ee052e12!8m2!3d26.1695103!4d85.8891472!16s%2Fg%2F11vsfcgb3v!19sChIJKz3F28G57TkREi4F7uaVxvM?authuser=0&hl=en&rclk=1
skynet computer,Darbhanga,3.7,,+91 72777 77821,,Not Available,"skynet computer income tax chowk, Lal Bagh, Darbhanga, Bihar 846004, India",https://www.google.com/maps/place/skynet+computer/data=!4m7!3m6!1s0x39edb83dab37e02b:0x310e5c61be8b53de!8m2!3d26.157246!4d85.8990224!16s%2Fg%2F11c6s5bwsc!19sChIJK-A3qz247TkR3lOLvmFcDjE?authuser=0&hl=en&rclk=1
Online seva kendra (Vijay Cyber Cafe),Darbhanga,5.0,47.0,+91 95720 94804,,Not Available,"ward no 15, Vijay kumar Gupta Chunabhatti chowk, C/o, Lakshmisagar, Darbhanga, Bihar 846009, India",https://www.google.com/maps/place/Online+seva+kendra+%28Vijay+Cyber+Cafe%29/data=!4m7!3m6!1s0x39edb98402079477:0xce2c3ec30835b50e!8m2!3d26.1642648!4d85.9096558!16s%2Fg%2F11vz66hqk1!19sChIJd5QHAoS57TkRDrU1CMM-LM4?authuser=0&hl=en&rclk=1
Manish Cyber & mobile,Darbhanga,5.0,,+91 82716 45277,,Not Available,"near c m Science College, Mirzapur, Lal Bagh, Darbhanga, Bihar 846004, India",https://www.google.com/maps/place/Manish+Cyber+%26+mobile/data=!4m7!3m6!1s0x39edb8344944740b:0x9206e04f2a1f4ca8!8m2!3d26.151974!4d85.8931997!16s%2Fg%2F11f57sy5bj!19sChIJC3RESTS47TkRqEwfKk_gBpI?authuser=0&hl=en&rclk=1
JAI DIGITAL PHOTOSTATE & LAMINATION,Darbhanga,3.0,,+91 77392 93099,,Not Available,"Laheriasarai Station Rd, Benta, Laheriasarai, Darbhanga, Bihar 846001, India",https://www.google.com/maps/place/JAI+DIGITAL+PHOTOSTATE+%26+LAMINATION/data=!4m7!3m6!1s0x39edb8f0bcac38af:0x462f0e910f0079a4!8m2!3d26.1179493!4d85.9005818!16s%2Fg%2F11hcw3r483!19sChIJrzisvPC47TkRpHkAD5EOL0Y?authuser=0&hl=en&rclk=1
CSC CENTER,Darbhanga,4.0,,Not Available,,Not Available,"5W76+4J4, Lakshmisagar, Darbhanga, Bihar 846009, India",https://www.google.com/maps/place/CSC+CENTER/data=!4m7!3m6!1s0x39edb9f01d87ade5:0x9a55114f78d6215c!8m2!3d26.1627672!4d85.9115832!16s%2Fg%2F11h7flbq1x!19sChIJ5a2HHfC57TkRXCHWeE8RVZo?authuser=0&hl=en&rclk=1
Rajni Cyber Cafe,Darbhanga,,,Not Available,,Not Available,"Shisho west Chowk, Kamtaul Road, Darbhanga, Madhopur, Bihar 847306, India",https://www.google.com/maps/place/Rajni+Cyber+Cafe/data=!4m7!3m6!1s0x39edb70046a86dcf:0xeff97b63f868803a!8m2!3d26.193241!4d85.8539754!16s%2Fg%2F11ylrrh4p8!19sChIJz22oRgC37TkROoBo-GN7-e8?authuser=0&hl=en&rclk=1
J P Digital Seva,Darbhanga,5.0,6.0,+91 70046 20566,,Not Available,"Shop 14, Ghat, near Petrol Pump, Dhoi, Darbhanga, Bihar 846009, India",https://www.google.com/maps/place/J+P+Digital+Seva/data=!4m7!3m6!1s0x39edc7cc911d17f1:0x5800d0cfcba9d419!8m2!3d26.1483407!4d85.9468784!16s%2Fg%2F11wttq_zb1!19sChIJ8RcdkczH7TkRGdSpy8_QAFg?authuser=0&hl=en&rclk=1
SA World,Darbhanga,,,+91 80513 05196,,Not Available,"mirzapur gaushala road, goushala road, Mirzapur, Darbhanga, Bihar 846004, India",https://www.google.com/maps/place/SA+World/data=!4m7!3m6!1s0x39edb96082b0f2e7:0xf97c909be8af4570!8m2!3d26.1515413!4d85.8984883!16s%2Fg%2F11s8msy9gr!19sChIJ5_KwgmC57TkRcEWv6JuQfPk?authuser=0&hl=en&rclk=1
Laxmi Cyber Cafe,Darbhanga,,,+91 84548 02962,,Not Available,"Khutwara, Ghat Road, Dhoi, Darbhanga, Bihar 846009, India",https://www.google.com/maps/place/Laxmi+Cyber+Cafe/data=!4m7!3m6!1s0x39edc7a92d6bf8df:0x62167b9f37b00511!8m2!3d26.1713923!4d85.9635277!16s%2Fg%2F11vr75k9mv!19sChIJ3_hrLanH7TkREQWwN597FmI?authuser=0&hl=en&rclk=1
ARSH CYBER CAFE & Stationery,Darbhanga,5.0,,+91 62048 66093,,Not Available,"Nitish Kumar Yadav, Shiv Mandir Road, Mirzapur, Lal Bagh, Darbhanga, Bihar 846004, India",https://www.google.com/maps/place/ARSH+CYBER+CAFE+%26+Stationery/data=!4m7!3m6!1s0x39edb936efe3914d:0x35d380eb01412a51!8m2!3d26.1537993!4d85.8917302!16s%2Fg%2F11y4lv55w2!19sChIJTZHj7za57TkRUSpBAeuA0zU?authuser=0&hl=en&rclk=1
SIDDHARTH ONLINE CENTRE,Darbhanga,,,Not Available,,Not Available,"5V2W+M3P, Mirzapur, Darbhanga, Bihar 846004, India",https://www.google.com/maps/place/SIDDHARTH+ONLINE+CENTRE/data=!4m7!3m6!1s0x39edb9001183b177:0x53c769c736f2e4b3!8m2!3d26.1517647!4d85.8952075!16s%2Fg%2F11y_rh1xw0!19sChIJd7GDEQC57TkRs-TyNsdpx1M?authuser=0&hl=en&rclk=1
Vedika online centre,Darbhanga,,,Not Available,,Not Available,"14 ward Gangwara road, Laxmisagar Rd, Chunabhatti, naka14, Darbhanga, Bihar 846009, India",https://www.google.com/maps/place/Vedika+online+centre/data=!4m7!3m6!1s0x39edb9003445c153:0x77a6a1119c7e5a03!8m2!3d26.1604184!4d85.9110921!16s%2Fg%2F11ywpgc9d2!19sChIJU8FFNAC57TkRA1p-nBGhpnc?authuser=0&hl=en&rclk=1
PVNCYBER,Darbhanga,5.0,1.0,+91 97717 71757,,Not Available,"Chitragupta Nagar, Laheriasarai, Barheta, Darbhanga, Bihar 846001, India",https://www.google.com/maps/place/PVNCYBER/data=!4m7!3m6!1s0x39edb99c03f0df5d:0xfcaaefce6c2ec075!8m2!3d26.1178239!4d85.8831523!16s%2Fg%2F11x07r5dnf!19sChIJXd_wA5y57TkRdcAubM7vqvw?authuser=0&hl=en&rclk=1
MAA AMBEY CSC CENTER,Darbhanga,5.0,5.0,+91 82106 20636,,Not Available,"MOH- DONAR GANGASAGAR, POST- lalbagh, ps- laheriasarai LALBAGH, PS LAHERIASARAI, DISTT, Kadirabad Rd, Darbhanga, Bihar 846004, India",https://www.google.com/maps/place/MAA+AMBEY+CSC+CENTER/data=!4m7!3m6!1s0x39edb9b3e3083f4b:0x6e7a31e5b88069b7!8m2!3d26.1554865!4d85.8927743!16s%2Fg%2F11w4v00wh3!19sChIJSz8I47O57TkRt2mAuOUxem4?authuser=0&hl=en&rclk=1
UNIQUE ONLINE CYBER CAFE,Darbhanga,1.0,,Not Available,,Not Available,"5W23+3F3, IB Smiriti Hospital Rd, Bhathiarisarai, Darbhanga, Bihar 846004, India",https://www.google.com/maps/place/UNIQUE+ONLINE+CYBER+CAFE/data=!4m7!3m6!1s0x39edb983b90f7297:0xaae8d9cc6a1ff473!8m2!3d26.1501373!4d85.9036656!16s%2Fg%2F11v5b8rt1q!19sChIJl3IPuYO57TkRc_QfaszZ6Ko?authuser=0&hl=en&rclk=1
S.K Communication,Darbhanga,5.0,1.0,+91 96671 51407,,https://chat.whatsapp.com/CSbFjZTo4jo6rPzlEULVq9,"Muhalla Fakira Khan, Neem Chowk, Urdu Bazaar Road, Quilaghat, Rahamganj, Darbhanga, Bihar 846004, India",https://www.google.com/maps/place/S.K+Communication/data=!4m7!3m6!1s0x39edb9001d87c9af:0x8054ed70a8e3d1c8!8m2!3d26.1439535!4d85.8925703!16s%2Fg%2F11lvjtpn6k!19sChIJr8mHHQC57TkRyNHjqHDtVIA?authuser=0&hl=en&rclk=1
Sanjay Cyber Cafe,Darbhanga,,,+91 92631 49626,,Not Available,"Badarinarayan Mandir Ke Pas, 01, Mahraji Pul, Badrinarayan Society, Shubhankarpur, Darbhanga, Chataria, Bihar 846006, India",https://www.google.com/maps/place/Sanjay+Cyber+Cafe/data=!4m7!3m6!1s0x39edb9de6a88230d:0x3dd65849aac19435!8m2!3d26.1588579!4d85.888113!16s%2Fg%2F11ms0vgtpw!19sChIJDSOIat657TkRNZTBqklY1j0?authuser=0&hl=en&rclk=1
Sinha & Sinha E Seva Kendra,Darbhanga,5.0,,+91 88777 76774,,Not Available,"5V2R+844, Musharaf Bazar, behind Shivaji Moorthy Transport Campus, Shivaji Nagar, Gullowara, Darbhanga, Bihar 846004, India",https://www.google.com/maps/place/Sinha+%26+Sinha+E+Seva+Kendra/data=!4m7!3m6!1s0x39edb835251b7001:0x5b597524ad6769f8!8m2!3d26.1507747!4d85.8903317!16s%2Fg%2F11f54615dw!19sChIJAXAbJTW47TkR-GlnrSR1WVs?authuser=0&hl=en&rclk=1
Arnav Cyber Cafe,Darbhanga,,,+91 82357 70384,,Not Available,"Bandh Basti Sahpur Road, Darbhanga, Badh Basti, Bihar 846005, India",https://www.google.com/maps/place/Arnav+Cyber+Cafe/data=!4m7!3m6!1s0x39edb9fc4b361b8f:0xd6e0dc7a0c6dc524!8m2!3d26.1676804!4d85.8513364!16s%2Fg%2F11yr8ygx10!19sChIJjxs2S_y57TkRJMVtDHrc4NY?authuser=0&hl=en&rclk=1
MAA AMBEY CSC CENTER,Darbhanga,1.0,1.0,+91 97082 07704,,Not Available,"Chowk, Donar, Darbhanga, Bihar 846004, India",https://www.google.com/maps/place/MAA+AMBEY+CSC+CENTER/data=!4m7!3m6!1s0x39edb9e226082535:0x90e95732f356982f!8m2!3d26.1440677!4d85.9077715!16s%2Fg%2F11s7s7cyyr!19sChIJNSUIJuK57TkRL5hW8zJX6ZA?authuser=0&hl=en&rclk=1
New Pintu Cyber Cafe,Darbhanga,3.9,,+91 86035 92221,,Not Available,"mridul indane, Shivdhara Near, Darbhanga, Bihar 846004, India",https://www.google.com/maps/place/New+Pintu+Cyber+Cafe/data=!4m7!3m6!1s0x39edb77cc2abacb1:0x62b9adc4fbe52eda!8m2!3d26.1754421!4d85.8806001!16s%2Fg%2F11cn15qgxg!19sChIJsayrwny37TkR2i7l-8StuWI?authuser=0&hl=en&rclk=1
The Quick Solution,Darbhanga,4.5,,+91 95768 70786,,Not Available,"Madarpur Road, Maulaganj, Banker's Colony, Donar, Darbhanga, Bihar 846004, India",https://www.google.com/maps/place/The+Quick+Solution/data=!4m7!3m6!1s0x39edb849530fb345:0xef3929c98dddeccb!8m2!3d26.1425991!4d85.8978591!16s%2Fg%2F11clw75slm!19sChIJRbMPU0m47TkRy-zdjckpOe8?authuser=0&hl=en&rclk=1
Solution Computer & Cyber Cafe,Darbhanga,3.3,,+91 99052 32319,,Not Available,"Marwari College Rd, Laheriasarai, Darbhanga, Bihar 846004, India",https://www.google.com/maps/place/Solution+Computer+%26+Cyber+Cafe/data=!4m7!3m6!1s0x39edb846f8620bf1:0x3151ba21cca59ce7!8m2!3d26.1450585!4d85.9037411!16s%2Fg%2F1tj87vjy!19sChIJ8Qti-Ea47TkR55ylzCG6UTE?authuser=0&hl=en&rclk=1
Info Cyber Cafe,Darbhanga,4.3,,+91 97715 64420,,Not Available,"4VXW+G7M, Mirzapur, Darbhanga, Bihar 846004, India",https://www.google.com/maps/place/Info+Cyber+Cafe/data=!4m7!3m6!1s0x39edb8361e857d85:0x81082a56c23b2ecb!8m2!3d26.1488372!4d85.8956791!16s%2Fg%2F1tdj2mf1!19sChIJhX2FHja47TkRyy47wlYqCIE?authuser=0&hl=en&rclk=1
JK CYBER CITY,Darbhanga,5.0,,Not Available,,Not Available,"Idgah Rd, opp. nagendar jha. mahila college, Benta, Laheriasarai, Darbhanga, Bihar 846001, India",https://www.google.com/maps/place/JK+CYBER+CITY/data=!4m7!3m6!1s0x39edb935d041b18f:0x9d6cbb853c41a25d!8m2!3d26.1272899!4d85.9009796!16s%2Fg%2F11p65qqm8t!19sChIJj7FB0DW57TkRXaJBPIW7bJ0?authuser=0&hl=en&rclk=1
Cyber Cafe (Indu Computer Typing Centre),Darbhanga,4.3,,+91 93085 11675,,Not Available,"Jan Aushadhi Kendra, in Building, Station Rd, Mirzapur, Kathalbari, Darbhanga, Bihar 846004, India",https://www.google.com/maps/place/Cyber+Cafe+%28Indu+Computer+Typing+Centre%29/data=!4m7!3m6!1s0x39edb91d3e711603:0xeb95d6fd9f8e5081!8m2!3d26.1526725!4d85.90016!16s%2Fg%2F11tblbmzdx!19sChIJAxZxPh257TkRgVCOn_3Wles?authuser=0&hl=en&rclk=1
RAJA CYBER CAFE,Darbhanga,4.3,,Not Available,,Not Available,"Station Rd, near Post Office, PWD Colony, Laheriasarai, Darbhanga, Bihar 846001, India",https://www.google.com/maps/place/RAJA+CYBER+CAFE/data=!4m7!3m6!1s0x39edb96c5655ed73:0x3a98ba7990aa43c8!8m2!3d26.1164523!4d85.9039934!16s%2Fg%2F11hds2yll_!19sChIJc-1VVmy57TkRyEOqkHm6mDo?authuser=0&hl=en&rclk=1
DIGITAL CYBER CAFE,Darbhanga,5.0,,+91 91134 36551,,Not Available,"Ghat Road, near Suraj Ply World, Ghat Saidnagar, Ekmi, Darbhanga, Bihar 846003, India",https://www.google.com/maps/place/DIGITAL+CYBER+CAFE/data=!4m7!3m6!1s0x39edb9f95bd719d1:0x63adf1a5516b7d97!8m2!3d26.1181826!4d85.8819965!16s%2Fg%2F11vd_tt20k!19sChIJ0RnXW_m57TkRl31rUaXxrWM?authuser=0&hl=en&rclk=1
Om Shanti Cyber cafe,Darbhanga,4.0,,Not Available,,Not Available,"DMCH Rd, near New PG girls Hostel, Allalpatti, Laheriasarai, Darbhanga, Bihar 846001, India",https://www.google.com/maps/place/Om+Shanti+Cyber+cafe/data=!4m7!3m6!1s0x39edb926c283a72d:0x5e0e40fc277da791!8m2!3d26.1321296!4d85.9029034!16s%2Fg%2F11m5f9g4g4!19sChIJLaeDwia57TkRkad9J_xADl4?authuser=0&hl=en&rclk=1
Shyama Internet,Darbhanga,4.2,,+91 99398 11349,,Not Available,"Back Distance Education Rambagh Gate Sipahiline LNMU GATE THANA MORE, Bihar 846004, India",https://www.google.com/maps/place/Shyama+Internet/data=!4m7!3m6!1s0x39edb90b9b576fe7:0x4f039d4cfb5d5d42!8m2!3d26.1515767!4d85.8972336!16s%2Fg%2F11hf5l5fcd!19sChIJ529Xmwu57TkRQl1d-0ydA08?authuser=0&hl=en&rclk=1
MITHILA CYBER CAFE,Darbhanga,5.0,1.0,+91 82103 14697,,Not Available,"Near traffic police station naka 6 Rahamganj opposit Ram janki mandir naka, 6, Darbhanga, Bihar 846004, India",https://www.google.com/maps/place/MITHILA+CYBER+CAFE/data=!4m7!3m6!1s0x39edb9352cd72925:0xa5deffaa9c49188c!8m2!3d26.1464467!4d85.8911992!16s%2Fg%2F11h554zfyk!19sChIJJSnXLDW57TkRjBhJnKr_3qU?authuser=0&hl=en&rclk=1
Shrishti Cyber Cafe,Darbhanga,5.0,,+91 99345 47299,,Not Available,"00, Lakshmisagar, Darbhanga, Bihar 846009, India",https://www.google.com/maps/place/Shrishti+Cyber+Cafe/data=!4m7!3m6!1s0x39edb90bef869aaf:0xf97170ada7ef7fc5!8m2!3d26.1596135!4d85.909234!16s%2Fg%2F11jzfbkpl9!19sChIJr5qG7wu57TkRxX_vp61wcfk?authuser=0&hl=en&rclk=1
Adeeb Cyber Cafe,Darbhanga,2.4,,Not Available,,Not Available,"Noorul Hassan Rd, Noorul Hasan Lane, Banker's Colony, Rahamganj, Darbhanga, Bihar 846004, India",https://www.google.com/maps/place/Adeeb+Cyber+Cafe/data=!4m7!3m6!1s0x39edb9d930900055:0xeff00b11329833bd!8m2!3d26.1377407!4d85.8934435!16s%2Fg%2F11nmt3s1g2!19sChIJVQCQMNm57TkRvTOYMhEL8O8?authuser=0&hl=en&rclk=1
SKY CYBER CAFE,Darbhanga,,,+91 91226 61623,,http://www.skycybercafe.com/,"Marwari College Road, near Marwari College, Bhatiyarisarai, Darbhanga, Bihar 846003, India",https://www.google.com/maps/place/SKY+CYBER+CAFE/data=!4m7!3m6!1s0x39edb9dcb46e0ac3:0xb89452151cfbc8b3!8m2!3d26.1342753!4d85.9123928!16s%2Fg%2F11stxmrx6n!19sChIJwwputNy57TkRs8j7HBVSlLg?authuser=0&hl=en&rclk=1
Riya Cyber World,Darbhanga,3.9,48.0,+91 88736 06985,,Not Available,"Maulaganj, Laheriasarai, Darbhanga, Bihar 846004, India",https://www.google.com/maps/place/Riya+Cyber+World/data=!4m7!3m6!1s0x39edb969c61400e7:0xbf46b0621479e79!8m2!3d26.1408172!4d85.8973858!16s%2Fg%2F11rz46t0_t!19sChIJ5wAUxmm57TkReZ5HIQZr9As?authuser=0&hl=en&rclk=1
Rahul Cyber Cafe,Darbhanga,,,+91 91228 78608,,Not Available,"Raghepura, Raghepura Road, near to Surya Mandir, Benta, Laheriasarai, Darbhanga, Bihar 846009, India",https://www.google.com/maps/place/Rahul+Cyber+Cafe/data=!4m7!3m6!1s0x39edb92310bacce3:0x1cc62f0c98d42ef!8m2!3d26.1243812!4d85.9179776!16s%2Fg%2F11vdb9wvyt!19sChIJ48y6ECO57TkR70KNyfBizAE?authuser=0&hl=en&rclk=1
INTERNET CAFE,Darbhanga,,,+91 82106 52346,,Not Available,"0, Maulaganj, Mirzapur, Laheriasarai, Darbhanga, Bihar 846004, India",https://www.google.com/maps/place/INTERNET+CAFE/data=!4m7!3m6!1s0x39edb9056acb6d65:0x8a711b785c87381e!8m2!3d26.1515748!4d85.8972424!16s%2Fg%2F11tfsr1zkw!19sChIJZW3LagW57TkRHjiHXHgbcYo?authuser=0&hl=en&rclk=1
Ladli Cyber Cafe,Darbhanga,3.0,,+91 72959 84096,,Not Available,"Naka5 Naka 5, Rahamganj, Darbhanga, Bihar 846004, India",https://www.google.com/maps/place/Ladli+Cyber+Cafe/data=!4m7!3m6!1s0x39edb96611b91429:0x8a25cfa34449c98!8m2!3d26.1370302!4d85.8916155!16s%2Fg%2F11tn2rkdmn!19sChIJKRS5EWa57TkRmJxENPpcogg?authuser=0&hl=en&rclk=1
Veena Digital AADHAR CENTER,Darbhanga,5.0,,+91 99052 61878,,Not Available,"Naka no-5, Veena Digital, Azad Chowk, near Central Secondary School, Bhathiarisarai, Darbhanga, Bihar 846004, India",https://www.google.com/maps/place/Veena+Digital+AADHAR+CENTER/data=!4m7!3m6!1s0x39edb9d8496ddcf3:0xaf459421f92252a9!8m2!3d26.1460543!4d85.8998429!16s%2Fg%2F11scmnypjp!19sChIJ89xtSdi57TkRqVIi-SGURa8?authuser=0&hl=en&rclk=1
Mata Rani Cyber Cafe & Digital Studio,Darbhanga,1.0,,+91 91228 37332,,Not Available,"5W35+3PF, JP Chowk, Lakshmisagar, Darbhanga, Bihar 846009, India",https://www.google.com/maps/place/Mata+Rani+Cyber+Cafe+%26+Digital+Studio/data=!4m7!3m6!1s0x39edb83e3aa3184d:0x9346370622ee483a!8m2!3d26.1526765!4d85.9093056!16s%2Fg%2F11f54sm268!19sChIJTRijOj647TkROkjuIgY3RpM?authuser=0&hl=en&rclk=1
Sk Cyber Center,Darbhanga,3.3,3.0,+91 74629 89870,,Not Available,"Milkichak, Road, Bhairopatti, Darbhanga, Bihar 846009, India",https://www.google.com/maps/place/Sk+Cyber+Center/data=!4m7!3m6!1s0x39edb928171ffc17:0xbbf1c2c4e7ea720f!8m2!3d26.1383183!4d85.9279928!16s%2Fg%2F11lzr4ql97!19sChIJF_wfFyi57TkRD3Lq58TC8bs?authuser=0&hl=en&rclk=1
Atif cyber cafe,Darbhanga,0.0,,+91 74810 62470,,Not Available,"Ward no. 6, near chhoti masjid, Karamganj, Dihlahi, Darbhanga, Bihar 846001, India",https://www.google.com/maps/place/Atif+cyber+cafe/data=!4m7!3m6!1s0x39edb94a1b9786c3:0xa698cbdbb6bc5f53!8m2!3d26.1308775!4d85.8946658!16s%2Fg%2F11ww95x89y!19sChIJw4aXG0q57TkRU1-8ttvLmKY?authuser=0&hl=en&rclk=1
CSC E GOVERNMENT LTD,Darbhanga,,,+91 82986 20845,,Not Available,"nearby Durga Mandir, Gahumi, Azamnagar, Darbhanga, Bihar 846004, India",https://www.google.com/maps/place/CSC+E+GOVERNMENT+LTD/data=!4m7!3m6!1s0x39edb7459d5a4c1b:0x71e561918b3f1179!8m2!3d26.1721395!4d85.8834156!16s%2Fg%2F11xlscg1yv!19sChIJG0xanUW37TkReRE_i5Fh5XE?authuser=0&hl=en&rclk=1
Jay Shyama Mai Cyber,Darbhanga,3.3,3.0,+91 62067 97611,,Not Available,"00 Azam Nagar, Teachers Colony, Darbhanga, Bihar 846004, India",https://www.google.com/maps/place/Jay+Shyama+Mai+Cyber/data=!4m7!3m6!1s0x39edb99ec681321d:0x2d1b64f4e994fca9!8m2!3d26.1706198!4d85.8856334!16s%2Fg%2F11s7xpk7qq!19sChIJHTKBxp657TkRqfyU6fRkGy0?authuser=0&hl=en&rclk=1
Sonu kirana store and cyber cafe,Darbhanga,,,+91 92628 50695,,Not Available,"near Hanuman mandir, Bharaul, Darbhanga, Bihar 846003, India",https://www.google.com/maps/place/Sonu+kirana+store+and+cyber+cafe/data=!4m7!3m6!1s0x39edb9d92b5f0707:0x97871e79fa62dab!8m2!3d26.1339407!4d85.8493002!16s%2Fg%2F11x8c0rrws!19sChIJBwdfK9m57TkRqy2mn-dxeAk?authuser=0&hl=en&rclk=1
Piyush General Store And Cyber Cafe,Darbhanga,3.0,,Not Available,,Not Available,"Kapchhahi PWD Road, near Radha Krishna Mandir, Laheriasarai, Darbhanga, Bihar 846003, India",https://www.google.com/maps/place/Piyush+General+Store+And+Cyber+Cafe/data=!4m7!3m6!1s0x39edb9b2aee3dae3:0xc0332b79654f3f1a!8m2!3d26.1382523!4d85.9079633!16s%2Fg%2F11x7y1jss_!19sChIJ49rjrrK57TkRGj9PZXkrM8A?authuser=0&hl=en&rclk=1
Digital Cyber point,Ara,5.0,,+91 70615 90200,,Not Available,"front of Dr U.K Chaudhary, Vishnu Nagar, Jagdev Nagar, Arrah, Bihar 802302, India",https://www.google.com/maps/place/Digital+Cyber+point/data=!4m7!3m6!1s0x398d5fbdd4789fdf:0xcad91f546678e603!8m2!3d25.5416688!4d84.649289!16s%2Fg%2F11yg_8s7r5!19sChIJ35941L1fjTkRA-Z4ZlQf2co?authuser=0&hl=en&rclk=1
Digital Seva Common Service Centre,Ara,3.5,,+91 98352 71862,,Not Available,"Milki Moahalla More, Milki Mohalla Rd, near Raju Button Store, Arrah, Bihar 802301, India",https://www.google.com/maps/place/Digital+Seva+Common+Service+Centre/data=!4m7!3m6!1s0x398d5f5f6bb008e9:0xe50be27aa4a050d8!8m2!3d25.5648394!4d84.6734135!16s%2Fg%2F11b5qg_514!19sChIJ6Qiwa19fjTkR2FCgpHriC-U?authuser=0&hl=en&rclk=1
MR INTERNET,Ara,3.9,,+91 82107 25620,,Not Available,"SP Kothi Rd, Maharaja Hata, Katira, Arrah, Bihar 802301, India",https://www.google.com/maps/place/MR+INTERNET/data=!4m7!3m6!1s0x398d5f6e5a46e697:0x84ff26d9873ac2e3!8m2!3d25.5501016!4d84.6606042!16s%2Fg%2F11c6t855g3!19sChIJl-ZGWm5fjTkR48I6h9km_4Q?authuser=0&hl=en&rclk=1
Vijaya Cyber cafe,Ara,4.8,,+91 72928 82766,,Not Available,"more, near Bank of Baroda, in front of Dr Shail kumari, Katira, Arrah, Bihar 802301, India",https://www.google.com/maps/place/Vijaya+Cyber+cafe/data=!4m7!3m6!1s0x398d5fc6a1269b9b:0x3714e5271fad00db!8m2!3d25.5522113!4d84.6554187!16s%2Fg%2F11x8zmph85!19sChIJm5smocZfjTkR2wCtHyflFDc?authuser=0&hl=en&rclk=1
OM SAI NATH INTERNET WORLD,Ara,4.4,,+91 96080 08502,,http://www.facebook.com/OMSAINATHINTERNETWORLDARA,"HM26+665, SP Kothi Rd, Shivpuri Katira, Maharaja Hata, Nawada, Arrah, Bihar 802301, India",https://www.google.com/maps/place/OM+SAI+NATH+INTERNET+WORLD/data=!4m7!3m6!1s0x398d5f6e52106137:0xe63187df9cc6cc8a!8m2!3d25.5505033!4d84.6606083!16s%2Fg%2F11c6cxywxk!19sChIJN2EQUm5fjTkRiszGnN-HMeY?authuser=0&hl=en&rclk=1
Kumar Cyber Cafe (Common Service Center),Ara,3.6,,+91 94310 66584,,Not Available,"Sapna Cinema Road, near Dr Laxmi Charan Verma Gali, Shivganj, Arrah, Bihar 802301, India",https://www.google.com/maps/place/Kumar+Cyber+Cafe+%28Common+Service+Center%29/data=!4m7!3m6!1s0x398d5f5c15ea6707:0xf29c55bac17cd4f4!8m2!3d25.5583938!4d84.6759711!16s%2Fg%2F11c52rg5w2!19sChIJB2fqFVxfjTkR9NR8wbpVnPI?authuser=0&hl=en&rclk=1
Webworld cyber Cafe,Ara,4.1,,+91 84049 46913,,Not Available,"pakari, Arrah, Bihar 802301, India",https://www.google.com/maps/place/Webworld+cyber+Cafe/data=!4m7!3m6!1s0x398d5f7f2a3c8e39:0xd1df71e910075110!8m2!3d25.5597435!4d84.6504535!16s%2Fg%2F11f24wwk57!19sChIJOY48Kn9fjTkREFEHEOlx39E?authuser=0&hl=en&rclk=1
Raj Cyber Cafe,Ara,5.0,,Not Available,,Not Available,"Rassi Bagan, Karman Tola, Rashi Bagan, East Nawada, Nawada, Arrah, Bihar 802301, India",https://www.google.com/maps/place/Raj+Cyber+Cafe/data=!4m7!3m6!1s0x398d5f002443318d:0xa7b9910005e129!8m2!3d25.554027!4d84.6694972!16s%2Fg%2F11yz8lzd3t!19sChIJjTFDJABfjTkRKeEFAJG5pwA?authuser=0&hl=en&rclk=1
Gaurav Online Centre,Ara,5.0,,+91 94707 94574,,https://chat.whatsapp.com/CHzvcZGFvCe1DQp31Gk7Gp,"Sapna Cinema Road, near SBI ATM, Shivganj, Arrah, Bihar 802301, India",https://www.google.com/maps/place/Gaurav+Online+Centre/data=!4m7!3m6!1s0x398d5f5c06fd34ab:0x4a35b20930000000!8m2!3d25.5592947!4d84.6735131!16s%2Fg%2F11rdx301mj!19sChIJqzT9BlxfjTkRAAAAMAmyNUo?authuser=0&hl=en&rclk=1
MANVI CYBER CAFE AND PHONEX,Ara,4.7,,+91 72774 71198,,Not Available,"Brahbatra, Mode, Arrah, Bihar 802301, India",https://www.google.com/maps/place/MANVI+CYBER+CAFE+AND+PHONEX/data=!4m7!3m6!1s0x3992a1ff8a236cdd:0x339926519f118bc1!8m2!3d25.5789744!4d84.6651088!16s%2Fg%2F11qzd4m731!19sChIJ3Wwjiv-hkjkRwYsRn1EmmTM?authuser=0&hl=en&rclk=1
AMRIT INTERNET CYBER HUB & CAFE,Ara,4.8,,Not Available,,Not Available,"Bjar smiti, Milki Anaith, Arrah, Bihar 802302, India",https://www.google.com/maps/place/AMRIT+INTERNET+CYBER+HUB+%26+CAFE/data=!4m7!3m6!1s0x398d5f006b52f4d5:0xdde81e5b718bde71!8m2!3d25.5453696!4d84.6534501!16s%2Fg%2F11vm512yt2!19sChIJ1fRSawBfjTkRcd6LcVse6N0?authuser=0&hl=en&rclk=1
Anand Internet Seva Kendra,Ara,4.4,,+91 93869 88177,,Not Available,"HMGF+FXH, Gandhi Rd, Gausganj, Arrah, Bihar 802301, India",https://www.google.com/maps/place/Anand+Internet+Seva+Kendra/data=!4m7!3m6!1s0x3992a0a496ad007b:0x3a74ac39c17fed01!8m2!3d25.5761825!4d84.6749817!16s%2Fg%2F11c7t28srk!19sChIJewCtlqSgkjkRAe1_wTmsdDo?authuser=0&hl=en&rclk=1
ITS COMPUTER CENTRE ARA,Ara,3.7,,+91 99310 02801,,Not Available,"Sri Radha Market, Chowk, pakari, Arrah, Bihar 802301, India",https://www.google.com/maps/place/ITS+COMPUTER+CENTRE+ARA/data=!4m7!3m6!1s0x398d5f7b75ae4d23:0xe0b712bc4a9e5ffc!8m2!3d25.5582736!4d84.6557076!16s%2Fg%2F11g0g60g4b!19sChIJI02udXtfjTkR_F-eSrwSt-A?authuser=0&hl=en&rclk=1
Shivam Net World Cyber Cafe,Ara,3.8,,+91 72776 01937,,Not Available,"HM26+P57, Arrah - Mohania Rd, Maharaja Hata, Katira, Arrah, Bihar 802301, India",https://www.google.com/maps/place/Shivam+Net+World+Cyber+Cafe/data=!4m7!3m6!1s0x398d5f6fa57d2a29:0x3a1254f4a2800d47!8m2!3d25.5517991!4d84.6604212!16s%2Fg%2F11d_7_svw1!19sChIJKSp9pW9fjTkRRw2AovRUEjo?authuser=0&hl=en&rclk=1
Cyber cafe,Ara,3.9,,Not Available,,Not Available,"HM8G+45V, Milki Mohalla Rd, Milki Mohalla, Arrah, Bihar 802301, India",https://www.google.com/maps/place/Cyber+cafe/data=!4m7!3m6!1s0x398d5fe0121095bd:0x9a65a18693bc63f6!8m2!3d25.565353!4d84.675418!16s%2Fg%2F11kdyh54by!19sChIJvZUQEuBfjTkR9mO8k4ahZZo?authuser=0&hl=en&rclk=1
Sameer Cyber Cafe,Ara,3.2,,+91 92790 77055,,Not Available,"D.T. Road Near Town School, Amarpali Market, Arrah, Bihar 802301, India",https://www.google.com/maps/place/Sameer+Cyber+Cafe/data=!4m7!3m6!1s0x398d5f60088dbb43:0x3197581896b47aee!8m2!3d25.5638791!4d84.6678308!16s%2Fg%2F11g0g6ctyh!19sChIJQ7uNCGBfjTkR7nq0lhhYlzE?authuser=0&hl=en&rclk=1
Hardik internet cyber cafe,Ara,5.0,,+91 82716 36211,,Not Available,"bullet showroom ke, opposite gali RK science gali, Sarvodaya Nagar, Jagdev Nagar, Arrah, Bihar 802302, India",https://www.google.com/maps/place/Hardik+internet+cyber+cafe/data=!4m7!3m6!1s0x398d5fb551142bf5:0xcbcd2d0f10b8de54!8m2!3d25.5381317!4d84.6512929!16s%2Fg%2F11jt69gfgb!19sChIJ9SsUUbVfjTkRVN64EA8tzcs?authuser=0&hl=en&rclk=1
Shivam Cyber Cafe,Ara,4.8,,Not Available,,Not Available,"Eastern gate, Of HD Jain College, Station Road, Maharaja Hata, Nawada, Arrah, Bihar 802301, India",https://www.google.com/maps/place/Shivam+Cyber+Cafe/data=!4m7!3m6!1s0x398d5fb2f8729701:0xc4141d4a21cde82f!8m2!3d25.5497234!4d84.6582868!16s%2Fg%2F11t6lj11nh!19sChIJAZdy-LJfjTkRL-jNIUodFMQ?authuser=0&hl=en&rclk=1
Deepak Cyber Cafe And Mobile Centre,Ara,4.7,,+91 77828 82579,,Not Available,"HM9R+P94, Jamira Rd, Kushwaha Nagar, Dharhara, Oliganj, Arrah, Bihar 802301, India",https://www.google.com/maps/place/Deepak+Cyber+Cafe+And+Mobile+Centre/data=!4m7!3m6!1s0x3992a755224680b9:0xcb8e8cd6237bcddb!8m2!3d25.5692684!4d84.6909511!16s%2Fg%2F11g0hsvtjk!19sChIJuYBGIlWnkjkR2817I9aMjss?authuser=0&hl=en&rclk=1
Maurya Cyber Cafe & consultancy,Ara,5.0,,+91 74881 87870,,http://youtube.com/@Anand_Vlog,"West Ramna Road, opposite Dr. Isa, pakari, Arrah, Bihar 802301, India",https://www.google.com/maps/place/Maurya+Cyber+Cafe+%26+consultancy/data=!4m7!3m6!1s0x398d5f8f9026ccb3:0xe5f6569636622745!8m2!3d25.558759!4d84.6579834!16s%2Fg%2F11ty79hgks!19sChIJs8wmkI9fjTkRRSdiNpZW9uU?authuser=0&hl=en&rclk=1
DIGITAL WORLD 2 CYBER CAFE,Ara,3.5,,Not Available,,Not Available,"Awadhpuri, pakari, Arrah, Bihar 802301, India",https://www.google.com/maps/place/DIGITAL+WORLD+2+CYBER+CAFE/data=!4m7!3m6!1s0x398d5f94222bbfa5:0x26ee8c1285960a5e!8m2!3d25.5598204!4d84.6449398!16s%2Fg%2F11gkrg1c5v!19sChIJpb8rIpRfjTkRXgqWhRKM7iY?authuser=0&hl=en&rclk=1
NISHANT CYBER POINT,Ara,5.0,,Not Available,,Not Available,"HMGX+928, Dharhara, Dhanupara, Arrah, Bihar 802301, India",https://www.google.com/maps/place/NISHANT+CYBER+POINT/data=!4m7!3m6!1s0x3992a700449002c3:0x282345839c4e725d!8m2!3d25.5759009!4d84.6975906!16s%2Fg%2F11ym9m8qhc!19sChIJwwKQRACnkjkRXXJOnINFIyg?authuser=0&hl=en&rclk=1
Smart Cyber Cafe,Ara,3.0,,+91 90976 70894,,Not Available,"Mahajan Tolli, pakari, Arrah, Bihar 802301, India",https://www.google.com/maps/place/Smart+Cyber+Cafe/data=!4m7!3m6!1s0x398d5f0bd4ffe66f:0x9f7e7b3201d245f2!8m2!3d25.5576576!4d84.6510828!16s%2Fg%2F11t3tw9kfd!19sChIJb-b_1AtfjTkR8kXSATJ7fp8?authuser=0&hl=en&rclk=1
Deepak Cyber Cafe,Ara,3.8,,Not Available,,Not Available,"pakari, Arrah, Bihar 802301, India",https://www.google.com/maps/place/Deepak+Cyber+Cafe/data=!4m7!3m6!1s0x398d5f95a2df2bb3:0x8297ecdbbed22327!8m2!3d25.5623936!4d84.6455367!16s%2Fg%2F11fhxxyyxn!19sChIJsyvfopVfjTkRJyPSvtvsl4I?authuser=0&hl=en&rclk=1
Shivam Cyber Point,Ara,4.0,,+91 94721 32665,,Not Available,"South Ramna Road, Hari Jee Ka Hata, Nawada, Arrah, Bihar 802301, India",https://www.google.com/maps/place/Shivam+Cyber+Point/data=!4m7!3m6!1s0x398d5f86214252c5:0x9eff647056a06bef!8m2!3d25.5593866!4d84.6625362!16s%2Fg%2F11f5wddqq7!19sChIJxVJCIYZfjTkR72ugVnBk_54?authuser=0&hl=en&rclk=1
BEGAMPUR ARA,Ara,4.6,,Not Available,,Not Available,"HMFP+XHH, Begampur, Arrah, Bihar 802301, India",https://www.google.com/maps/place/BEGAMPUR+ARA/data=!4m7!3m6!1s0x3992a1002ea0dd1d:0x6c5c2f97092e1cd6!8m2!3d25.5749477!4d84.6864923!16s%2Fg%2F11vyp7dkjk!19sChIJHd2gLgChkjkR1hwuCZcvXGw?authuser=0&hl=en&rclk=1
THE DAY DREAM LIBRARY & CYBER CAFE,Ara,4.7,,Not Available,,Not Available,"opp platform no.1 kailash puri, Station Road, Arrah, Bihar 802301, India",https://www.google.com/maps/place/THE+DAY+DREAM+LIBRARY+%26+CYBER+CAFE/data=!4m7!3m6!1s0x398d5f2e9e0ff483:0x5a1cb6f5a6afcdf4!8m2!3d25.5482518!4d84.6583848!16s%2Fg%2F11qbstgsm1!19sChIJg_QPni5fjTkR9M2vpvW2HFo?authuser=0&hl=en&rclk=1
RAAZ INTERNET CARE,Ara,4.5,,+91 76543 34675,,Not Available,"Prasad Market Anaith, Dhobi Ghat, Anaith, Arrah, Bihar 802302, India",https://www.google.com/maps/place/RAAZ+INTERNET+CARE/data=!4m7!3m6!1s0x398d5f0b69a21dc1:0xc61c641432540556!8m2!3d25.5401806!4d84.6522967!16s%2Fg%2F11cn0l1q3s!19sChIJwR2iaQtfjTkRVgVUMhRkHMY?authuser=0&hl=en&rclk=1
Avinash cafe & csc center,Ara,4.0,,+91 87890 62607,,Not Available,"Godhna, Godhna Rd, Goutam Buddha Nagar, Anaith, Arrah, Bihar 802302, India",https://www.google.com/maps/place/Avinash+cafe+%26+csc+center/data=!4m7!3m6!1s0x398d5f86d7c1b4ff:0xb1d843e805b36d7e!8m2!3d25.5307665!4d84.6635318!16s%2Fg%2F11fpnmd2n_!19sChIJ_7TB14ZfjTkRfm2zBehD2LE?authuser=0&hl=en&rclk=1
CSC DIGITAL SEVA (SHIVAM CYBER CAFE),Ara,,,Not Available,,Not Available,"Eastern gate, OF HD JAIN COLLEGE, AT, Station Road, Katira, Arrah, Bihar 802301, India",https://www.google.com/maps/place/CSC+DIGITAL+SEVA+%28SHIVAM+CYBER+CAFE%29/data=!4m7!3m6!1s0x398d5f59cc024d33:0x422bc260d761a8a3!8m2!3d25.5496124!4d84.6583669!16s%2Fg%2F11yzlx_8wf!19sChIJM00CzFlfjTkRo6hh12DCK0I?authuser=0&hl=en&rclk=1
Baba Cyber Cafe,Ara,4.2,,Not Available,,Not Available,"3, Station Road, Shivpuri Katira, Maharaja Hata, Katira, Arrah, Bihar 802301, India",https://www.google.com/maps/place/Baba+Cyber+Cafe/data=!4m7!3m6!1s0x398d5f50d9f0bce7:0xf78ec9e8cfd4d288!8m2!3d25.5535381!4d84.6551258!16s%2Fg%2F11sxvbfwwp!19sChIJ57zw2VBfjTkRiNLUz-jJjvc?authuser=0&hl=en&rclk=1
PRASAD BUSINESS CENTER CAFE,Ara,3.5,,+91 95345 76769,,Not Available,"FULADI BHAWAN, GALI NO. 05 JAGDEVNAGAR ARA PO ANAITH, PS, Nawada, Arrah, Bihar 802302, India",https://www.google.com/maps/place/PRASAD+BUSINESS+CENTER+CAFE/data=!4m7!3m6!1s0x398d5f75ac0434b7:0xb302f25f54ad5d4c!8m2!3d25.5468025!4d84.6505666!16s%2Fg%2F11f3n2nwkl!19sChIJtzQErHVfjTkRTF2tVF_yArM?authuser=0&hl=en&rclk=1
Shivaay Cyber Zone,Ara,4.6,,+91 81818 88539,,Not Available,"1 Arah Road, Ara - Sasaram Rd, Sasaram, Bihar 802302, India",https://www.google.com/maps/place/Shivaay+Cyber+Zone/data=!4m7!3m6!1s0x398d5fe56c474c23:0x478b988b98c2d17d!8m2!3d25.5464046!4d84.6625536!16s%2Fg%2F11tn8wp6t0!19sChIJI0xHbOVfjTkRfdHCmIuYi0c?authuser=0&hl=en&rclk=1
Saksham Cyber Cafe,Ara,4.5,,+91 93867 17072,,Not Available,"Katira Rd, near Dynamic Computer Ara, Maharaja Hata, Nawada, Arrah, Bihar 802301, India",https://www.google.com/maps/place/Saksham+Cyber+Cafe/data=!4m7!3m6!1s0x398d5f4393c4048f:0x93cab0aaacad6364!8m2!3d25.5516213!4d84.6570061!16s%2Fg%2F11sk5z5nws!19sChIJjwTEk0NfjTkRZGOtrKqwypM?authuser=0&hl=en&rclk=1
SKYFACE INTERNET CAFE AND STATIONARY SHOP,Ara,,,+91 79922 64609,,Not Available,"Gangi Road, Meerganj, Arrah, Bihar 802301, India",https://www.google.com/maps/place/SKYFACE+INTERNET+CAFE+AND+STATIONARY+SHOP/data=!4m7!3m6!1s0x3992a14fa2d7f8db:0x615e84ac034f3019!8m2!3d25.5715581!4d84.6739551!16s%2Fg%2F11y0s6601y!19sChIJ2_jXok-hkjkRGTBPA6yEXmE?authuser=0&hl=en&rclk=1
Google BaBa Cyber Cafe And V N Printing Press,Ara,4.7,,+91 79090 16874,,Not Available,"Dhobighat More, near PNB Bank, Ward Number 41, Anaith, Arrah, Bihar 802302, India",https://www.google.com/maps/place/Google+BaBa+Cyber+Cafe+And+V+N+Printing+Press/data=!4m7!3m6!1s0x398d5fe75e691ff7:0x90ade09a25c668b8!8m2!3d25.541661!4d84.6545535!16s%2Fg%2F11s86239qg!19sChIJ9x9pXudfjTkRuGjGJZrgrZA?authuser=0&hl=en&rclk=1
TejVeer Digital Point Cyber Cafe,Ara,4.5,,Not Available,,Not Available,"HJ3R+956, Ram Nagar Colony, Arrah, Bihar 802301, India",https://www.google.com/maps/place/TejVeer+Digital+Point+Cyber+Cafe/data=!4m7!3m6!1s0x398d5f960949209f:0x5ddc5bd4124d48fd!8m2!3d25.5535024!4d84.6403451!16s%2Fg%2F11tjbw9gjb!19sChIJnyBJCZZfjTkR_UhNEtRb3F0?authuser=0&hl=en&rclk=1
Pari Cyber Cafe,Ara,5.0,,+91 93731 52249,,Not Available,"Ara - Sasaram Rd, Hanuman Nagar, Mahuar, Arrah, Bihar 802302, India",https://www.google.com/maps/place/Pari+Cyber+Cafe/data=!4m7!3m6!1s0x398d5f897bec1025:0x9148b43f7a6ffa9!8m2!3d25.5451819!4d84.6625955!16s%2Fg%2F11vbzq4q30!19sChIJJRDse4lfjTkRqf-m90OLFAk?authuser=0&hl=en&rclk=1
Maa Vaishnavi Internet,Ara,5.0,,+91 93349 87955,,Not Available,"Sapna Cinema Road, Shivganj, Arrah, Bihar 802301, India",https://www.google.com/maps/place/Maa+Vaishnavi+Internet/data=!4m7!3m6!1s0x398d5f5c71c7bf11:0xf1ebe0ecd7204233!8m2!3d25.5589235!4d84.6733971!16s%2Fg%2F11g8nn68bq!19sChIJEb_HcVxfjTkRM0Ig1-zg6_E?authuser=0&hl=en&rclk=1
Abdul Cyber Point,Ara,5.0,,+91 91354 45786,,Not Available,"Deo Vihar Bazar Samati, Arrah, Bihar 802302, India",https://www.google.com/maps/place/Abdul+Cyber+Point/data=!4m7!3m6!1s0x398d5f7359f31e45:0x8c100651d123fff1!8m2!3d25.5426124!4d84.6534002!16s%2Fg%2F11ghlwlycs!19sChIJRR7zWXNfjTkR8f8j0VEGEIw?authuser=0&hl=en&rclk=1
Anshu Cyber Point,Ara,3.3,,+91 6182 232 040,,Not Available,"Pandey Bhavan, Kailashpuri Rd, Katira, Arrah, Bihar 802302, India",https://www.google.com/maps/place/Anshu+Cyber+Point/data=!4m7!3m6!1s0x398d5f71f5131d8f:0x58a03a9ae95bb542!8m2!3d25.5479518!4d84.6571318!16s%2Fg%2F11g87068q9!19sChIJjx0T9XFfjTkRQrVb6Zo6oFg?authuser=0&hl=en&rclk=1
Shivam Enterprises,Ara,4.7,,+91 90975 36133,,Not Available,"ara, Arrah, Bihar 802302, India",https://www.google.com/maps/place/Shivam+Enterprises/data=!4m7!3m6!1s0x398d5fae4e8a1e7d:0x997f86444a1f9319!8m2!3d25.547505!4d84.6668874!16s%2Fg%2F11tmkm2rn3!19sChIJfR6KTq5fjTkRGZMfSkSGf5k?authuser=0&hl=en&rclk=1
Abhi Net Cafe,Ara,,,Not Available,,Not Available,"Abhi Net Cafe, Arrah - Buxar Rd, Santoshi Nagar, Old Police Line, Arrah, Bihar 802301, India",https://www.google.com/maps/place/Abhi+Net+Cafe/data=!4m7!3m6!1s0x398d5f411f120743:0x4eea07977157e351!8m2!3d25.5636144!4d84.6593892!16s%2Fg%2F11mkcfxsp9!19sChIJQwcSH0FfjTkRUeNXcZcH6k4?authuser=0&hl=en&rclk=1
BABA INTERNET AND AADHAR CENTER,Ara,3.6,,+91 80847 35333,,http://digitalindia.gov.in/,"Kshatriya School, Maharaja Hata, Nawada, THANA, Arrah, Bihar 802301, India",https://www.google.com/maps/place/BABA+INTERNET+AND+AADHAR+CENTER/data=!4m7!3m6!1s0x398d5f68c2b0db6d:0xa7ca12d1af2b9966!8m2!3d25.5519101!4d84.665095!16s%2Fg%2F11f03w2b6l!19sChIJbduwwmhfjTkRZpkrr9ESyqc?authuser=0&hl=en&rclk=1
Ara Cyber Cafe,Ara,4.5,,+91 95722 96535,,Not Available,"Overbridge, Bazar Samiti Jai Hanuman Complex, Anaith, Arrah, Bihar 802302, India",https://www.google.com/maps/place/Ara+Cyber+Cafe/data=!4m7!3m6!1s0x398d5f74a0b2af37:0x4f97adbdf228a88a!8m2!3d25.5429111!4d84.6532563!16s%2Fg%2F11f5_ktfvl!19sChIJN6-yoHRfjTkRiqgo8r2tl08?authuser=0&hl=en&rclk=1
Maa Cyber Solution,Ara,4.5,,+91 79038 04703,,Not Available,"Bhaluhipur W Rd, Chajjanganj, Arrah, Bihar 802301, India",https://www.google.com/maps/place/Maa+Cyber+Solution/data=!4m7!3m6!1s0x3992a0a6656928cd:0x2d358d8eb0000000!8m2!3d25.5700881!4d84.6791863!16s%2Fg%2F11p6snskfy!19sChIJzShpZaagkjkRAAAAsI6NNS0?authuser=0&hl=en&rclk=1
Cyber Centre,Ara,4.8,,+91 70911 76801,,Not Available,"Rajendra Nagar, Nawada, Arrah, Bihar 802301, India",https://www.google.com/maps/place/Cyber+Centre/data=!4m7!3m6!1s0x398d5f7741974471:0xd19ddbb9f6c47fcb!8m2!3d25.5541662!4d84.6663997!16s%2Fg%2F11swwvtq5q!19sChIJcUSXQXdfjTkRy3_E9rnbndE?authuser=0&hl=en&rclk=1
Ganpati stduio & net cafe,Ara,4.4,21.0,+91 88253 39012,,Not Available,"Near Hanuman Mandir, New, Market, Bahiro, Arrah, Bihar 802302, India",https://www.google.com/maps/place/Ganpati+stduio+%26+net+cafe/data=!4m7!3m6!1s0x398d5fcd1bc2e67d:0xbc62b713bbd05977!8m2!3d25.5471602!4d84.6708203!16s%2Fg%2F11s7b1s0k8!19sChIJfebCG81fjTkRd1nQuxO3Yrw?authuser=0&hl=en&rclk=1
Vasudha Kendra and Cyber Cafe,Ara,,,+91 76348 68242,,Not Available,"Chowk Infront of Pakri Masjid, pakari, Arrah, Bihar 802301, India",https://www.google.com/maps/place/Vasudha+Kendra+and+Cyber+Cafe/data=!4m7!3m6!1s0x398d5f476cbbefef:0xd556f9585a043d6f!8m2!3d25.5583956!4d84.6556523!16s%2Fg%2F11mdpf4b44!19sChIJ7--7bEdfjTkRbz0EWlj5VtU?authuser=0&hl=en&rclk=1
Ara Cyber Point,Ara,,,+91 96080 09607,,Not Available,"Dharhara, Dhanupara, Arrah, Bihar 802301, India",https://www.google.com/maps/place/Ara+Cyber+Point/data=!4m7!3m6!1s0x3992a15ca8f24a73:0xcd8a63822f35b9be!8m2!3d25.5711426!4d84.6890757!16s%2Fg%2F11yz95z2xr!19sChIJc0ryqFyhkjkRvrk1L4Jjis0?authuser=0&hl=en&rclk=1
Cyber Cafe,Ara,,,+91 94304 52689,,Not Available,"Road Pakri Road, near Dr. Jk Singh, pakari, Arrah, Bihar 802301, India",https://www.google.com/maps/place/Cyber+Cafe/data=!4m7!3m6!1s0x398d5f005fe1ca0d:0xfb065278eb817235!8m2!3d25.5558412!4d84.6555849!16s%2Fg%2F11x6rwp5zx!19sChIJDcrhXwBfjTkRNXKB63hSBvs?authuser=0&hl=en&rclk=1
Lucky Cyber World,Ara,3.0,,+91 77818 71705,,Not Available,"GMX5+RH6, Maharaja Hata, Katira, Mor, Arrah, Bihar 802301, India",https://www.google.com/maps/place/Lucky+Cyber+World/data=!4m7!3m6!1s0x398d5f6e225069ef:0x5099367dfb43699!8m2!3d25.5495445!4d84.6589012!16s%2Fg%2F11ghlwkq67!19sChIJ72lQIm5fjTkRmTa032eTCQU?authuser=0&hl=en&rclk=1
Maa Vindhyavasini Cyber Cafe,Ara,,,+91 86511 71446,,Not Available,"Pal Market, Bhelai Rd, near pani tanki, Jagdev Nagar, Arrah, Bihar 802302, India",https://www.google.com/maps/place/Maa+Vindhyavasini+Cyber+Cafe/data=!4m7!3m6!1s0x398d5faae5428edd:0xece44feb6a9e2a6e!8m2!3d25.5418397!4d84.6483776!16s%2Fg%2F11xz648x1x!19sChIJ3Y5C5apfjTkRbiqeautP5Ow?authuser=0&hl=en&rclk=1
Satyam Computer,Ara,5.0,,+91 74089 24112,,Not Available,"Ara, Mahajan Toli, Arrah, Bihar 802301, India",https://www.google.com/maps/place/Satyam+Computer/data=!4m7!3m6!1s0x398d5f7f60bef1d1:0x75844fd31cccd8b0!8m2!3d25.5592449!4d84.6719279!16s%2Fg%2F11tnhbpk49!19sChIJ0fG-YH9fjTkRsNjMHNNPhHU?authuser=0&hl=en&rclk=1
Baba gupta cyber cafe and mobile reparing center,Ara,5.0,,Not Available,,Not Available,"jain college, East gate, Katira Rd, Maharaja Hata, Nawada, Arrah, Bihar 802301, India",https://www.google.com/maps/place/Baba+gupta+cyber+cafe+and+mobile+reparing+center/data=!4m7!3m6!1s0x398d5f6cbcd66a37:0xf63e5384fc10290f!8m2!3d25.5499206!4d84.6580612!16s%2Fg%2F11wmjmjfvj!19sChIJN2rWvGxfjTkRDykQ_IRTPvY?authuser=0&hl=en&rclk=1
K G N CYBER CAFE,Ara,3.9,23.0,+91 82924 74786,,Not Available,"Infornt Of, Amarpali Market, Ara - Sinha Rd, near Town High School, M. P Bagh, Arrah, Bihar 802301, India",https://www.google.com/maps/place/K+G+N+CYBER+CAFE/data=!4m7!3m6!1s0x398d5f288b23e469:0x5356b332154b5890!8m2!3d25.5656444!4d84.6684466!16s%2Fg%2F11wvgszfk8!19sChIJaeQjiyhfjTkRkFhLFTKzVlM?authuser=0&hl=en&rclk=1
ARA NET CAFE,Ara,3.5,,+91 82984 69329,,Not Available,"HM75+2GX, Nala Rd, Maula Bagh, Arrah, Bihar 802301, India",https://www.google.com/maps/place/ARA+NET+CAFE/data=!4m7!3m6!1s0x398d5f62d72d43c3:0x14e488771b863967!8m2!3d25.5630138!4d84.6589925!16s%2Fg%2F11c3w180yn!19sChIJw0Mt12JfjTkRZzmGG3eI5BQ?authuser=0&hl=en&rclk=1
Popular Internet Cafe,Ara,4.2,,+91 6182 234 662,,Not Available,"GMR2+4XV, Adarsh Nagar, Ara - Sasaram Rd, Arrah, Bihar 802302, India",https://www.google.com/maps/place/Popular+Internet+Cafe/data=!4m7!3m6!1s0x398d5f0b429f9c53:0xe744211be45f3d92!8m2!3d25.5403692!4d84.6524356!16s%2Fg%2F11ckr7yk61!19sChIJU5yfQgtfjTkRkj1f5BshROc?authuser=0&hl=en&rclk=1
The Internet World & Cyber Cafe,Ara,2.0,,+91 78702 38123,,Not Available,"HM5F+355, New Sheetal Tola Road, Shivganj, Arrah, Bihar 802301, India",https://www.google.com/maps/place/The+Internet+World+%26+Cyber+Cafe/data=!4m7!3m6!1s0x398d5f5c6139b0f7:0x78474b6b2e1a6441!8m2!3d25.5576287!4d84.6729907!16s%2Fg%2F11fywx53p3!19sChIJ97A5YVxfjTkRQWQaLmtLR3g?authuser=0&hl=en&rclk=1
Ara Cyber Cafe,Ara,5.0,,+91 70701 50911,,Not Available,"1, Sapna Cinema Road, Shivganj, Arrah, Bihar 802301, India",https://www.google.com/maps/place/Ara+Cyber+Cafe/data=!4m7!3m6!1s0x398d5fb306467b6f:0x5b951198aae9cd63!8m2!3d25.5590713!4d84.6727856!16s%2Fg%2F11tncrb2gm!19sChIJb3tGBrNfjTkRY83pqpgRlVs?authuser=0&hl=en&rclk=1
Maa Saraswati Cyber Cafe,Ara,3.9,32.0,+91 72771 30820,,Not Available,"Club Road D, M.Kothi Road, Bikramganj, Maharaja Hata, Katira, Arrah, Bihar 802301, India",https://www.google.com/maps/place/Maa+Saraswati+Cyber+Cafe/data=!4m7!3m6!1s0x398d5f657cf9bd53:0xae4a02bc8ef8cab1!8m2!3d25.5541165!4d84.6604842!16s%2Fg%2F11hdclyl2h!19sChIJU735fGVfjTkRscr4jrwCSq4?authuser=0&hl=en&rclk=1
Kaushal computer press,Ara,4.1,,Not Available,,Not Available,"Begampur, Rajendra Nagar, Nawada, Arrah, Bihar 802301, India",https://www.google.com/maps/place/Kaushal+computer+press/data=!4m7!3m6!1s0x398d5f9b5d733951:0x1b36bfa332269581!8m2!3d25.5578366!4d84.6677464!16s%2Fg%2F11fpfnkn5v!19sChIJUTlzXZtfjTkRgZUmMqO_Nhs?authuser=0&hl=en&rclk=1
MANTU Internet Cafe,Ara,,,+91 84549 58374,,Not Available,"Ara Rd, Mahatma Gandhi Nagar, Arrah, Bihar 802301, India",https://www.google.com/maps/place/MANTU+Internet+Cafe/data=!4m7!3m6!1s0x398d5f5990e8a35b:0xd9e10479a022f3fb!8m2!3d25.5596648!4d84.6615313!16s%2Fg%2F11sct55gjr!19sChIJW6PokFlfjTkR-_MioHkE4dk?authuser=0&hl=en&rclk=1
Sonu Cyber Cafe,Ara,5.0,,+91 62058 67063,,Not Available,Not Available,https://www.google.com/maps/place/Sonu+Cyber+Cafe/data=!4m7!3m6!1s0x3992a19820a883b5:0x8dd76d7c6a35b73b!8m2!3d25.5952356!4d84.2130804!16s%2Fg%2F11pzrk7vgx!19sChIJtYOoIJihkjkRO7c1anxt140?authuser=0&hl=en&rclk=1
D. K. CYBER CAFE,Ara,5.0,,Not Available,,https://sites.google.com/view/dkcybercafe/home,"HM8P+2P5, Nasriganj - Chandi - Bihta - Piro Rd, Ahir purawa, Arrah, Bihar 802301, India",https://www.google.com/maps/place/D.+K.+CYBER+CAFE/data=!4m7!3m6!1s0x398d5f53eed58979:0xd68d9aeab65d16ed!8m2!3d25.5650162!4d84.6868627!16s%2Fg%2F11khrfdvty!19sChIJeYnV7lNfjTkR7RZdtuqajdY?authuser=0&hl=en&rclk=1
Deepu Cyber Cafe,Ara,4.8,4.0,+91 80830 65133,,Not Available,"Ara, Arrah - Salempur Rd, Arrah, Bihar 802301, India",https://www.google.com/maps/place/Deepu+Cyber+Cafe/data=!4m7!3m6!1s0x398d5f61f892586b:0xf456455d251b26a!8m2!3d25.5557605!4d84.6659103!16s%2Fg%2F11td4hzydt!19sChIJa1iS-GFfjTkRarJR0lVkRQ8?authuser=0&hl=en&rclk=1
Maa vindhyavasini Online centre & CSC centre,Ara,5.0,,+91 73250 53176,,Not Available,"GMX8+6Q5, Anaith, Arrah, Bihar 802301, India",https://www.google.com/maps/place/Maa+vindhyavasini+Online+centre+%26+CSC+centre/data=!4m7!3m6!1s0x398d5f001a584b19:0x39e7b08ff454e47!8m2!3d25.548091!4d84.6670154!16s%2Fg%2F11y6rj4_s2!19sChIJGUtYGgBfjTkRR05F_wh7ngM?authuser=0&hl=en&rclk=1
Himanshu Shoe Shop & Cyber Cafe,Ara,3.3,9.0,+91 78306 61170,,Not Available,"Ram Nagar Colony, Arrah, Bihar 802301, India",https://www.google.com/maps/place/Himanshu+Shoe+Shop+%26+Cyber+Cafe/data=!4m7!3m6!1s0x398d5f2c95c405a1:0x3ca0ec54f083ca87!8m2!3d25.5544503!4d84.6379398!16s%2Fg%2F11kq7g8370!19sChIJoQXElSxfjTkRh8qD8FTsoDw?authuser=0&hl=en&rclk=1
Aditya Enterprise,Ara,4.9,,Not Available,,Not Available,"Babu Bazar Rd, Babu Bazar, Arrah, Bihar 802301, India",https://www.google.com/maps/place/Aditya+Enterprise/data=!4m7!3m6!1s0x398d5f60a1a06b7f:0x5fd5c372b480a2ba!8m2!3d25.5619981!4d84.6672251!16s%2Fg%2F1tcxbl_j!19sChIJf2ugoWBfjTkRuqKAtHLD1V8?authuser=0&hl=en&rclk=1
Rajan Internet,Ara,4.0,,+91 72097 09078,,Not Available,"Shop No 27, Station Road, Maharaja Hata, Nawada, Arrah, Bihar 802301, India",https://www.google.com/maps/place/Rajan+Internet/data=!4m7!3m6!1s0x398d5f6e5a1629ad:0x2fb79aedb331febd!8m2!3d25.5498418!4d84.6630138!16s%2Fg%2F11g09ryx22!19sChIJrSkWWm5fjTkRvf4xs-2aty8?authuser=0&hl=en&rclk=1
Rajkumar IGNOU Solution,Ara,5.0,,+91 70339 19032,,Not Available,"RAJKESAR VILLA KATIRA-STATION MAIN ROAD, Kadam Gali, Maharaja Hata, WEST SIDE, Arrah, Bihar 802301, India",https://www.google.com/maps/place/Rajkumar+IGNOU+Solution/data=!4m7!3m6!1s0x398d5f7093242553:0x4b30c2bd932a89f8!8m2!3d25.5508472!4d84.6576528!16s%2Fg%2F11gff6vmkq!19sChIJUyUkk3BfjTkR-Ikqk73CMEs?authuser=0&hl=en&rclk=1
Shishu Cyber Cafe,Ara,,,+91 90607 03501,,Not Available,"Katira, Behea, Arrah, Bihar 802301, India",https://www.google.com/maps/place/Shishu+Cyber+Cafe/data=!4m7!3m6!1s0x398d5fee5397b679:0xe967e35836b9a42!8m2!3d25.5514901!4d84.6537782!16s%2Fg%2F11vwffsknx!19sChIJebaXU-5fjTkRQpprgzV-lg4?authuser=0&hl=en&rclk=1
Eti Online Cyber Cafe,Ara,4.8,4.0,+91 85399 41623,,Not Available,"Hanuman Nagar, Mathiya Road, Milki Anaith, Arrah, Bihar 802302, India",https://www.google.com/maps/place/Eti+Online+Cyber+Cafe/data=!4m7!3m6!1s0x398d5fefdbf4c2fb:0xdb8cb8e014875ce1!8m2!3d25.5439593!4d84.6596311!16s%2Fg%2F11wj61g7r1!19sChIJ-8L02-9fjTkR4VyHFOC4jNs?authuser=0&hl=en&rclk=1
Chandravanshi Online Service,Ara,2.7,,+91 91224 25451,,Not Available,"Ara - Mathiyapur - Akhgaon Rd, Arrah, Bihar 802312, India",https://www.google.com/maps/place/Chandravanshi+Online+Service/data=!4m7!3m6!1s0x398d5fb5c9d4a2b3:0xe48978ed7cc739b9!8m2!3d25.5439079!4d84.6733696!16s%2Fg%2F11q2xwfbrz!19sChIJs6LUybVfjTkRuTnHfO14ieQ?authuser=0&hl=en&rclk=1
AVINASH ONLINE CYBER CAFE,Ara,0.0,,+91 79034 46359,,Not Available,"C K Rd, M. P Bagh, Arrah, Bihar 802301, India",https://www.google.com/maps/place/AVINASH+ONLINE+CYBER+CAFE/data=!4m7!3m6!1s0x3992a10b77f5ed17:0xc2f76e447b9a7870!8m2!3d25.5674562!4d84.6679956!16s%2Fg%2F11wg971wd6!19sChIJF-31dwuhkjkRcHiae0Ru98I?authuser=0&hl=en&rclk=1
Aadhar Point & Digital Solution,Ara,4.9,,+91 70045 98118,,https://myaadhaar.uidai.gov.in/,"KG Rd, Rajendra Nagar, Nawada, Arrah, Bihar 802301, India",https://www.google.com/maps/place/Aadhar+Point+%26+Digital+Solution/data=!4m7!3m6!1s0x398d5fd91dd0d019:0x9a2f1d605f781f46!8m2!3d25.5542331!4d84.6620575!16s%2Fg%2F11w9n7sy5v!19sChIJGdDQHdlfjTkRRh94X2AdL5o?authuser=0&hl=en&rclk=1
Apna Cyber Cafe,Ara,,,+91 77668 47576,,Not Available,"Jain College, Station Road, Arrah, Bihar 802301, India",https://www.google.com/maps/place/Apna+Cyber+Cafe/data=!4m7!3m6!1s0x398d5fbd0e4fb343:0xe5a0af04294971cf!8m2!3d25.5515789!4d84.6567574!16s%2Fg%2F11ykkrrt37!19sChIJQ7NPDr1fjTkRz3FJKQSvoOU?authuser=0&hl=en&rclk=1
Krishna Cyber Cafe,Ara,,,+91 85214 45382,,Not Available,"Mahajan Toli, Arrah, Bihar 802301, India",https://www.google.com/maps/place/Krishna+Cyber+Cafe/data=!4m7!3m6!1s0x3992a1464e1b70fb:0x28a7a74df8794bb9!8m2!3d25.5662107!4d84.6722073!16s%2Fg%2F11rqt_zmxn!19sChIJ-3AbTkahkjkRuUt5-E2npyg?authuser=0&hl=en&rclk=1
M Online Cafe,Ara,,,Not Available,,Not Available,"HMG5+GFP Pal Online Cafe, Arrah - Buxar Rd, Arrah, Sanadiya, Bihar 802301, India",https://www.google.com/maps/place/M+Online+Cafe/data=!4m7!3m6!1s0x3992a1079361c4ad:0x77a91e18fb00e6fc!8m2!3d25.5763483!4d84.6587042!16s%2Fg%2F11ymsp91m2!19sChIJrcRhkwehkjkR_OYA-xgeqXc?authuser=0&hl=en&rclk=1
BHOJPUR DIGITAL ONLINE CENTRE CSC,Ara,3.5,62.0,+91 70913 30011,,Not Available,"behind maa durga mandir, near Bhojpur khaini store, Shivganj, Arrah, Bihar 802301, India",https://www.google.com/maps/place/BHOJPUR+DIGITAL+ONLINE+CENTRE+CSC/data=!4m7!3m6!1s0x398d5fa0ddd3e5d1:0x19f692c8e91334c6!8m2!3d25.559077!4d84.6718245!16s%2Fg%2F11m5cv581t!19sChIJ0eXT3aBfjTkRxjQT6ciS9hk?authuser=0&hl=en&rclk=1
Abhay Cyber Cafe,Ara,,,+91 87093 68493,,Not Available,"Sarna Bharuli, Rajendra Nagar, Nawada, Arrah, Bihar 802301, India",https://www.google.com/maps/place/Abhay+Cyber+Cafe/data=!4m7!3m6!1s0x398d5fc93703925b:0xc37c8aff3eb134ad!8m2!3d25.5549354!4d84.6662545!16s%2Fg%2F11jyn083m1!19sChIJW5IDN8lfjTkRrTSxPv-KfMM?authuser=0&hl=en&rclk=1
Maa Online Internet Cafe,Ara,,,+91 87896 79308,,Not Available,"Ara Rd, Mahatma Gandhi Nagar, Arrah, Bihar 802301, India",https://www.google.com/maps/place/Maa+Online+Internet+Cafe/data=!4m7!3m6!1s0x398d5f8122333fa3:0x300d27e34133951e!8m2!3d25.5523!4d84.6653437!16s%2Fg%2F11s659tvyc!19sChIJoz8zIoFfjTkRHpUzQeMnDTA?authuser=0&hl=en&rclk=1
Golu Internet service,Ara,,,+91 95044 22743,,Not Available,"5, Road, Anand Nagar, Shivpur, Garhani, Arrah, Bihar 802301, India",https://www.google.com/maps/place/Golu+Internet+service/data=!4m7!3m6!1s0x398d5f872c73047d:0xe12e40e1cd160a13!8m2!3d25.5561046!4d84.6806117!16s%2Fg%2F11sq5f0mbf!19sChIJfQRzLIdfjTkREwoWzeFALuE?authuser=0&hl=en&rclk=1
khushi aadhar center,Ara,,,Not Available,,Not Available,"Afimi kothi, Majhauwa, Arrah, Bihar 802301, India",https://www.google.com/maps/place/khushi+aadhar+center/data=!4m7!3m6!1s0x3992a1c73bad559d:0xc86e49fc49704853!8m2!3d25.568511!4d84.6577479!16s%2Fg%2F11ykh1pb2g!19sChIJnVWtO8ehkjkRU0hwSfxJbsg?authuser=0&hl=en&rclk=1
Mahadev Cyber Cafe (Online centre),Ara,4.7,,+91 91101 91557,,Not Available,"bihiya, road, near dakshin gramin bank, chaurasta, Arrah, Bihar 802154, India",https://www.google.com/maps/place/Mahadev+Cyber+Cafe+%28Online+centre%29/data=!4m7!3m6!1s0x39929d6358494b1b:0x5c2255db5f7b850c!8m2!3d25.5855178!4d84.4631301!16s%2Fg%2F11lgjp707d!19sChIJG0tJWGOdkjkRDIV7X9tVIlw?authuser=0&hl=en&rclk=1
Nk Cyber cafe,Ara,4.8,,Not Available,,Not Available,"HMFV+5Q2, Amir Tola, Ibrahim Nagar, Dhanupara, Arrah, Bihar 802301, India",https://www.google.com/maps/place/Nk+Cyber+cafe/data=!4m7!3m6!1s0x3992a704bfb2b569:0x6c62dd3f31eaa5bb!8m2!3d25.5730986!4d84.6948367!16s%2Fg%2F11js9bsgnk!19sChIJabWyvwSnkjkRu6XqMT_dYmw?authuser=0&hl=en&rclk=1
ARA ONLINE,Ara,5.0,,+91 97520 92650,,http://www.araonline.com/,"Jagdev Road, Jagdev Nagar, Arrah, Bihar 802302, India",https://www.google.com/maps/place/ARA+ONLINE/data=!4m7!3m6!1s0x398d5f4a0ca116f5:0x63695e9a56a6099d!8m2!3d25.5442807!4d84.6474365!16s%2Fg%2F11h4s_w283!19sChIJ9RahDEpfjTkRnQmmVppeaWM?authuser=0&hl=en&rclk=1
CSC CENTER,Ara,4.5,,+91 95259 18778,,Not Available,"Choudhary Niwas near last transformer Jagdev Nagar C/O THE LEGEND COMPUTER CENTER, Arrah, Bihar 802302, India",https://www.google.com/maps/place/CSC+CENTER/data=!4m7!3m6!1s0x398d5f9992012963:0xdee78503b57f7135!8m2!3d25.5449466!4d84.6473401!16s%2Fg%2F11h714vzgz!19sChIJYykBkplfjTkRNXF_tQOF594?authuser=0&hl=en&rclk=1
Sai Cyber Cafe,Ara,,,Not Available,,Not Available,"HMCF+682, Mahajan Toli, Arrah, Bihar 802301, India",https://www.google.com/maps/place/Sai+Cyber+Cafe/data=!4m7!3m6!1s0x3992a10025afdf07:0xacbe26787b297c16!8m2!3d25.5705329!4d84.6732645!16s%2Fg%2F11xw3s1864!19sChIJB9-vJQChkjkRFnwpe3gmvqw?authuser=0&hl=en&rclk=1
CSC SAHJ BASUDHA KENDR (DIGITAL VILLAGE BRANCH JAMIRA2),Ara,4.3,,+91 95764 70616,,Not Available,"HM9R+V7X, Ibrahim Nagar, Dhanupara, Arrah, Bihar 802301, India",https://www.google.com/maps/place/CSC+SAHJ+BASUDHA+KENDR+%28DIGITAL+VILLAGE+BRANCH+JAMIRA2%29/data=!4m7!3m6!1s0x3992a7be1822fd93:0xd9479071cd456ad5!8m2!3d25.5697262!4d84.6907406!16s%2Fg%2F11gvcswb1w!19sChIJk_0iGL6nkjkR1WpFzXGQR9k?authuser=0&hl=en&rclk=1
Ritesh cyber cafe & studio,Ara,4.0,,Not Available,,Not Available,"HM8M+443, Ahirpurwa, Doodh Katora Colony, Arrah, Bihar 802301, India",https://www.google.com/maps/place/Ritesh+cyber+cafe+%26+studio/data=!4m7!3m6!1s0x398d5f000477a6ed:0xe596f93b4928ecd0!8m2!3d25.5652512!4d84.6827978!16s%2Fg%2F11md1rfxlq!19sChIJ7aZ3BABfjTkR0OwoSTv5luU?authuser=0&hl=en&rclk=1
Students Cyber Point,Ara,4.0,,+91 85798 01071,,Not Available,"Junction, Katira, Arrah, Bihar 802302, India",https://www.google.com/maps/place/Students+Cyber+Point/data=!4m7!3m6!1s0x398d5f47370e29db:0xed09de1f686e0918!8m2!3d25.5479343!4d84.6565615!16s%2Fg%2F11k3xbnj86!19sChIJ2ykON0dfjTkRGAluaB_eCe0?authuser=0&hl=en&rclk=1
Pandey Cyber Cafe,Ara,,,+91 98018 19484,,Not Available,"Arrah, Sanadiya, Bihar 802301, India",https://www.google.com/maps/place/Pandey+Cyber+Cafe/data=!4m7!3m6!1s0x3992a10ecf95340f:0xb206c3f07428813c!8m2!3d25.5774348!4d84.6583744!16s%2Fg%2F11s0tw8_hk!19sChIJDzSVzw6hkjkRPIEodPDDBrI?authuser=0&hl=en&rclk=1
Rubee Internet Cafe,Ara,,,+91 89691 58344,,Not Available,"Ara, Sinha Rd, Nawada, Arrah, Bihar 802301, India",https://www.google.com/maps/place/Rubee+Internet+Cafe/data=!4m7!3m6!1s0x398d5f56213352c3:0x4f8980672a60dd23!8m2!3d25.5521584!4d84.6653954!16s%2Fg%2F11t537mj89!19sChIJw1IzIVZfjTkRI91gKmeAiU8?authuser=0&hl=en&rclk=1
"GHANSHYAM CYBER CAFE, SARAIYA. Add-Badi Mathiya, Malik Mahto Market Ke Samne",Ara,5.0,1.0,Not Available,,Not Available,"To, Saraiya - Goraul Rd, Saraiya, Arrah, Bihar 802301, India","https://www.google.com/maps/place/GHANSHYAM+CYBER+CAFE,+SARAIYA.+Add-Badi+Mathiya,+Malik+Mahto+Market+Ke+Samne/data=!4m7!3m6!1s0x398d5f366b7764c5:0xa671bba8c186d496!8m2!3d25.5573074!4d84.6679718!16s%2Fg%2F11j4m_pfb7!19sChIJxWR3azZfjTkRltSGwai7caY?authuser=0&hl=en&rclk=1"
Vidharthi Online Center,Ara,5.0,,+91 95766 31356,,Not Available,"Harigaon, Ara, Arrah, Bihar 802312, India",https://www.google.com/maps/place/Vidharthi+Online+Center/data=!4m7!3m6!1s0x398d5f50ece58c8b:0xe18d31ab706e25c0!8m2!3d25.5432942!4d84.6768105!16s%2Fg%2F11s40mj89p!19sChIJi4zl7FBfjTkRwCVucKsxjeE?authuser=0&hl=en&rclk=1
RN INTERNET SEVA RAMPUR,Ara,3.3,3.0,+91 78604 07490,,Not Available,"Dalan Chhapra, 00, near Maweshi Khana, opposite of Shiv Mandir, Nawada, Arrah, Bihar 802301, India",https://www.google.com/maps/place/RN+INTERNET+SEVA+RAMPUR/data=!4m7!3m6!1s0x398d5f6efcace195:0x3187d1813610acbe!8m2!3d25.5584725!4d84.6687381!16s%2Fg%2F11ssnpmv1p!19sChIJleGs_G5fjTkRvqwQNoHRhzE?authuser=0&hl=en&rclk=1
Online Cyber Cafe,Ara,3.9,23.0,+91 91426 75286,,Not Available,"Marutinagar, Arrah, Bihar 802301, India",https://www.google.com/maps/place/Online+Cyber+Cafe/data=!4m7!3m6!1s0x3992a1def9dd03a3:0x8b5cfb06509c02f0!8m2!3d25.5741689!4d84.6694693!16s%2Fg%2F11whycdpg_!19sChIJowPd-d6hkjkR8AKcUAb7XIs?authuser=0&hl=en&rclk=1
Cyber Net,Ara,,,+91 94318 55115,,Not Available,"Mahajan Toli, Arrah, Bihar 802301, India",https://www.google.com/maps/place/Cyber+Net/data=!4m7!3m6!1s0x398d5f3ad5410a85:0xbe1b167b53101359!8m2!3d25.5649478!4d84.671887!16s%2Fg%2F11sh679nr3!19sChIJhQpB1TpfjTkRWRMQU3sWG74?authuser=0&hl=en&rclk=1
Amit Internet Cafe,Ara,,,+91 79034 60516,,Not Available,"Ara, Nawada, Arrah, Bihar 802301, India",https://www.google.com/maps/place/Amit+Internet+Cafe/data=!4m7!3m6!1s0x398d5f80032408dd:0xb0a9d7f906510afd!8m2!3d25.5589915!4d84.6602!16s%2Fg%2F11s46x_qr0!19sChIJ3QgkA4BfjTkR_QpRBvnXqbA?authuser=0&hl=en&rclk=1
Ajit Cyber Cafe,Ara,,,+91 80834 42952,,Not Available,"1, Birampur Road, Rajendra Nagar, Gausganj, Arrah, Bihar 802301, India",https://www.google.com/maps/place/Ajit+Cyber+Cafe/data=!4m7!3m6!1s0x398d5fdc74d24c19:0x66eaaa5ac813fd5!8m2!3d25.5540796!4d84.6620118!16s%2Fg%2F11tp4_b22t!19sChIJGUzSdNxfjTkR1T-BrKWqbgY?authuser=0&hl=en&rclk=1
Dev Cyber Cafe,Ara,4.2,5.0,+91 91109 99800,,Not Available,"Bazar Samiti, Bhelai Rd, Jagdev Nagar, Arrah, Bihar 802301, India",https://www.google.com/maps/place/Dev+Cyber+Cafe/data=!4m7!3m6!1s0x398d5fb6cc357921:0xe23f2c574a89c9cf!8m2!3d25.550006!4d84.6536191!16s%2Fg%2F11lttdbtf8!19sChIJIXk1zLZfjTkRz8mJSlcsP-I?authuser=0&hl=en&rclk=1
Piyush Cyber Cafe,Ara,,,+91 82073 82790,,Not Available,"Akhgaon Bhojpur Near Chowk, Arrah, Bihar 802301, India",https://www.google.com/maps/place/Piyush+Cyber+Cafe/data=!4m7!3m6!1s0x398d5f236518509d:0xd1a28e10f696f0a4!8m2!3d25.5528985!4d84.6724546!16s%2Fg%2F11xtmvfg6b!19sChIJnVAYZSNfjTkRpPCW9hCOotE?authuser=0&hl=en&rclk=1
Pandey Online Cyber Cafe,Ara,3.9,23.0,Not Available,,Not Available,"Mahajan Toli, Arrah, Bihar 802301, India",https://www.google.com/maps/place/Pandey+Online+Cyber+Cafe/data=!4m7!3m6!1s0x3992a104fd90103f:0x81652b188c0df15f!8m2!3d25.5680032!4d84.675155!16s%2Fg%2F11rmq0rwrg!19sChIJPxCQ_QShkjkRX_ENjBgrZYE?authuser=0&hl=en&rclk=1
Rudra Cyber Cafe,Ara,4.4,30.0,+91 96316 30404,,Not Available,"Singh Awas, Raghuvanshi Nagar, Gausganj, Gangi, Arrah, Bihar 802301, India",https://www.google.com/maps/place/Rudra+Cyber+Cafe/data=!4m7!3m6!1s0x3992a1feffaf2499:0x6a2cfbd85e25c5a9!8m2!3d25.583074!4d84.677271!16s%2Fg%2F11m6s4t69n!19sChIJmSSv__6hkjkRqcUlXtj7LGo?authuser=0&hl=en&rclk=1
Netcafepark,Begusarai,4.4,,Not Available,,Not Available,"Har Har Mahadev chowk, Premshila Market, Begusarai, Bihar 851117, India",https://www.google.com/maps/place/Netcafepark/data=!4m7!3m6!1s0x39f21acb3c6c8a99:0x1c9b7db7b58b1877!8m2!3d25.421105!4d86.117516!16s%2Fg%2F11fzr382_9!19sChIJmYpsPMsa8jkRdxiLtbd9mxw?authuser=0&hl=en&rclk=1
Josi Cyber Cafe,Begusarai,4.7,,+91 78081 97187,,Not Available,"Road, Singhaul Dih, Begusarai, Bihar 851134, India",https://www.google.com/maps/place/Josi+Cyber+Cafe/data=!4m7!3m6!1s0x39f205631accc415:0x89ffbfe31e9670e7!8m2!3d25.4365182!4d86.0994658!16s%2Fg%2F11gnsntk6p!19sChIJFcTMGmMF8jkR53CWHuO__4k?authuser=0&hl=en&rclk=1
Laxmi Cyber Cafe,Begusarai,3.7,,+91 76784 54367,,Not Available,"Near, Hanuman Mandir, Main Road, Vishnupur, Bishnupur, Mohan Eghu, Begusarai, Bihar 851129, India",https://www.google.com/maps/place/Laxmi+Cyber+Cafe/data=!4m7!3m6!1s0x39f21b19c1782b33:0x6e48714c57babee3!8m2!3d25.4123186!4d86.1483162!16s%2Fg%2F11fcv4c79g!19sChIJMyt4wRkb8jkR4766V0xxSG4?authuser=0&hl=en&rclk=1
Digital Jugad Center,Begusarai,4.4,,+91 85068 50683,,Not Available,"Shop No. 2, In Front Of G.D. College, G.D. College Road, B.N. Market, Begusarai, Bihar 851101, India",https://www.google.com/maps/place/Digital+Jugad+Center/data=!4m7!3m6!1s0x39f21acdf5607b1d:0x4c388c4756131f32!8m2!3d25.417925!4d86.12428!16s%2Fg%2F11fj1rnyrj!19sChIJHXtg9c0a8jkRMh8TVkeMOEw?authuser=0&hl=en&rclk=1
PREM ONLINE CYBER CAFE,Begusarai,4.4,7.0,+91 72918 12717,,Not Available,"Vasant Vihar, Begusarai, Bihar 851101, India",https://www.google.com/maps/place/PREM+ONLINE+CYBER+CAFE/data=!4m7!3m6!1s0x39f21bb07e41a401:0x11c3cfa119581f63!8m2!3d25.4224063!4d86.1309111!16s%2Fg%2F11sbpy_rj4!19sChIJAaRBfrAb8jkRYx9YGaHPwxE?authuser=0&hl=en&rclk=1
Arnav Cyber Cafe,Begusarai,5.0,,+91 94305 53555,,Not Available,"GD College Rd, near CANARA BANK, Pipra, Begusarai, Bihar 851101, India",https://www.google.com/maps/place/Arnav+Cyber+Cafe/data=!4m7!3m6!1s0x39f21b075e28052b:0x9566469236d27109!8m2!3d25.4186!4d86.122175!16s%2Fg%2F11f5_k_j58!19sChIJKwUoXgcb8jkRCXHSNpJGZpU?authuser=0&hl=en&rclk=1
Kiran Online Point (वसुधा केंद्र),Begusarai,5.0,,+91 91234 17939,,Not Available,"Dak Bunglow Rd, opposite OMAR GIRLS HIGH SCHOOL, Bishnupur, Begusarai, Mohan Eghu, Bihar 851101, India",https://www.google.com/maps/place/Kiran+Online+Point+%28%E0%A4%B5%E0%A4%B8%E0%A5%81%E0%A4%A7%E0%A4%BE+%E0%A4%95%E0%A5%87%E0%A4%82%E0%A4%A6%E0%A5%8D%E0%A4%B0%29/data=!4m7!3m6!1s0x39f21b74f217970b:0xc1a8034b0935cfbb!8m2!3d25.4128039!4d86.1452893!16s%2Fg%2F11p5db1y94!19sChIJC5cX8nQb8jkRu881CUsDqME?authuser=0&hl=en&rclk=1
"Maa Chandrakala, MANAS and MAHIMA online cafe",Begusarai,,,Not Available,,Not Available,"Ward 28, near New Madhur Misthan ke pass, At, Lohianagar, Begusarai, Bihar 851218, India","https://www.google.com/maps/place/Maa+Chandrakala,+MANAS+and+MAHIMA+online+cafe/data=!4m7!3m6!1s0x39f205abcfd8e7e5:0x41c4e1e815bd69!8m2!3d25.425403!4d86.1409056!16s%2Fg%2F11n567p3hl!19sChIJ5efYz6sF8jkRab0V6OHEQQA?authuser=0&hl=en&rclk=1"
CYBER UNIQUE POINT,Begusarai,4.8,,Not Available,,Not Available,"C4JM+764, Bagha Rd, Suhird Nagar, Subhash Nagar, Begusarai, Bihar 851218, India",https://www.google.com/maps/place/CYBER+UNIQUE+POINT/data=!4m7!3m6!1s0x39f205288a28cc55:0xb027949cde156e43!8m2!3d25.4306293!4d86.133075!16s%2Fg%2F11sx049wj_!19sChIJVcwoiigF8jkRQ24V3pyUJ7A?authuser=0&hl=en&rclk=1
Kanhaiya Digital Seva,Begusarai,5.0,,+91 70508 00687,,https://youtube.com/channel/UCFNxz_pldO9c873uUhmfCvQ,"Ward no 12, Phulwaria 03, BEGUSARAI, Bihar 851112, India",https://www.google.com/maps/place/Kanhaiya+Digital+Seva/data=!4m7!3m6!1s0x39f20dfa1ed95741:0xf0be96278ea1cbc1!8m2!3d25.4695896!4d85.9864795!16s%2Fg%2F11smbn9mvx!19sChIJQVfZHvoN8jkRwcuhjieWvvA?authuser=0&hl=en&rclk=1
Global online center Begusarai ग्लोबल ऑनलाइन सेंटर बेगूसराय,Begusarai,5.0,,Not Available,,Not Available,"Nawab chowk, pokhariya, near    , Chitragupta Nagar, Begusarai, Bihar 851101, India",https://www.google.com/maps/place/Global+online+center+Begusarai+%E0%A4%97%E0%A5%8D%E0%A4%B2%E0%A5%8B%E0%A4%AC%E0%A4%B2+%E0%A4%91%E0%A4%A8%E0%A4%B2%E0%A4%BE%E0%A4%87%E0%A4%A8+%E0%A4%B8%E0%A5%87%E0%A4%82%E0%A4%9F%E0%A4%B0+%E0%A4%AC%E0%A5%87%E0%A4%97%E0%A5%82%E0%A4%B8%E0%A4%B0%E0%A4%BE%E0%A4%AF/data=!4m7!3m6!1s0x39f21b005ff70793:0x1c0e320cff3308ef!8m2!3d25.4161949!4d86.137697!16s%2Fg%2F11whgznnfx!19sChIJkwf3XwAb8jkR7wgz_wwyDhw?authuser=0&hl=en&rclk=1
DISHA DIGITAL ONLINE POINT,Begusarai,4.7,,Not Available,,Not Available,"C47Q+58J, KALISTHAN, BP School Road, Begusarai, Bihar 851101, India",https://www.google.com/maps/place/DISHA+DIGITAL+ONLINE+POINT/data=!4m7!3m6!1s0x39f21b548f9bc7ed:0xeb70f3be0f26bb7e!8m2!3d25.4129652!4d86.1382806!16s%2Fg%2F11j6fnt1qq!19sChIJ7cebj1Qb8jkRfrsmD77zcOs?authuser=0&hl=en&rclk=1
Vikash Computer,Begusarai,4.4,,+91 62006 06817,,Not Available,"Pokharia Rd, Chitragupta Nagar, Begusarai, Bihar 851101, India",https://www.google.com/maps/place/Vikash+Computer/data=!4m7!3m6!1s0x39f21ad54d0fad17:0x65a04fee5021babc!8m2!3d25.4225595!4d86.1337786!16s%2Fg%2F11h2d85sxj!19sChIJF60PTdUa8jkRvLohUO5PoGU?authuser=0&hl=en&rclk=1
Common Service Center Singhaul,Begusarai,4.1,,+91 97083 92062,,Not Available,"Singhaul Dih, Begusarai, Bihar 851134, India",https://www.google.com/maps/place/Common+Service+Center+Singhaul/data=!4m7!3m6!1s0x39f20559561c7c35:0x8cae630099d9bd9f!8m2!3d25.4390337!4d86.098822!16s%2Fg%2F11c1vndsx2!19sChIJNXwcVlkF8jkRn73ZmQBjrow?authuser=0&hl=en&rclk=1
ONLINE TRANDS,Begusarai,5.0,,+91 99556 53705,,Not Available,"Nawab Chowk, Chitragupta Nagar, Begusarai, Bihar 851101, India",https://www.google.com/maps/place/ONLINE+TRANDS/data=!4m7!3m6!1s0x39f21bf44add8975:0xb52ad4451101b467!8m2!3d25.4161062!4d86.1377249!16s%2Fg%2F11sjcc99gx!19sChIJdYndSvQb8jkRZ7QBEUXUKrU?authuser=0&hl=en&rclk=1
online seva,Begusarai,4.2,,+91 83402 67066,,Not Available,"no 44, Nayatola, bajitpur ward, Bishanpur, Begusarai, Mohan Eghu, Bihar 851129, India",https://www.google.com/maps/place/online+seva/data=!4m7!3m6!1s0x39f21b6c5576f24b:0x6fb0c108e6dc84c7!8m2!3d25.4043171!4d86.1560776!16s%2Fg%2F11ypsl111q!19sChIJS_J2VWwb8jkRx4Tc5gjBsG8?authuser=0&hl=en&rclk=1
Suraj cyber point & stationery,Begusarai,5.0,,+91 62022 79153,,Not Available,"near Durga Mandir, Gandhi Nagar, Subhash Nagar, Begusarai, Bihar 851218, India",https://www.google.com/maps/place/Suraj+cyber+point+%26+stationery/data=!4m7!3m6!1s0x39f2051ec296f055:0xdf0365fd4d0951a!8m2!3d25.4276069!4d86.1290925!16s%2Fg%2F11r7xxcyb1!19sChIJVfCWwh4F8jkRGpXQ1F828A0?authuser=0&hl=en&rclk=1
Rishant General Store with cyber cafe,Begusarai,,,+91 87893 53112,,http://www.rishant.com/,"Vishwanath Nagar, Pipra, Begusarai, Bihar 851117, India",https://www.google.com/maps/place/Rishant+General+Store+with+cyber+cafe/data=!4m7!3m6!1s0x39f21acc22868a67:0x578f6fa01b29583f!8m2!3d25.4170145!4d86.1204991!16s%2Fg%2F11c6dxgx16!19sChIJZ4qGIswa8jkRP1gpG6Bvj1c?authuser=0&hl=en&rclk=1
Rishant Cyber Cafe,Begusarai,5.0,,+91 97094 39411,,Not Available,"Ward No 16, Vishwanath Nagar, Pipra, Begusarai, Bihar 851117, India",https://www.google.com/maps/place/Rishant+Cyber+Cafe/data=!4m7!3m6!1s0x39f21bf2ff02ad07:0x4305545c0e1d8dde!8m2!3d25.4172349!4d86.1204468!16s%2Fg%2F11wmz8c7bg!19sChIJB60C__Ib8jkR3o0dDlxUBUM?authuser=0&hl=en&rclk=1
Cyber cafe zone,Begusarai,5.0,,Not Available,,Not Available,"ward no 37, Purani Tinmanjhila, Pokharia Rd, Vishnupur, Sarvodaya Nagar, Begusarai, Bihar 851101, India",https://www.google.com/maps/place/Cyber+cafe+zone/data=!4m7!3m6!1s0x39f21b8c1030003d:0xb8fed07ea08662c7!8m2!3d25.4174904!4d86.1325768!16s%2Fg%2F11z03j9_nt!19sChIJPQAwEIwb8jkRx2KGoH7Q_rg?authuser=0&hl=en&rclk=1
R.K CYBER ZONE,Begusarai,5.0,,+91 62030 28027,,Not Available,"Shankarpur Bakhadda, Begusarai, Bihar 851129, India",https://www.google.com/maps/place/R.K+CYBER+ZONE/data=!4m7!3m6!1s0x39f21b856721ea57:0xe56afa05292ca1d1!8m2!3d25.3786865!4d86.1635413!16s%2Fg%2F11x5yvmfn2!19sChIJV-ohZ4Ub8jkR0aEsKQX6auU?authuser=0&hl=en&rclk=1
Digital Cyber Point,Begusarai,5.0,,+91 91551 40190,,Not Available,"Ramjanpur, near National Highway 31, near Ramjanpur Masjid, Begusarai, Bihar 851129, India",https://www.google.com/maps/place/Digital+Cyber+Point/data=!4m7!3m6!1s0x39f21defc5fadf69:0x7247c3fbc8f1262f!8m2!3d25.4123759!4d86.192121!16s%2Fg%2F11y8hmfgsl!19sChIJad_6xe8d8jkRLybxyPvDR3I?authuser=0&hl=en&rclk=1
ASK Cyber Cafe,Begusarai,,,Not Available,,Not Available,"HARPUR DHALA, Tilrath Rd, near Indian Bank Refinery Road, Begusarai, Bihar 851112, India",https://www.google.com/maps/place/ASK+Cyber+Cafe/data=!4m7!3m6!1s0x39f20f9c04d540b1:0xab0eafa8d58147a3!8m2!3d25.4384702!4d86.0759743!16s%2Fg%2F11mrx7z9f0!19sChIJsUDVBJwP8jkRo0eB1aivDqs?authuser=0&hl=en&rclk=1
csc centre,Begusarai,5.0,,Not Available,,Not Available,"C48C+V6C, Professor Colony Rd, Vishwanath Nagar, Dinkar Nagar, Pipra, Begusarai, Bihar 851117, India",https://www.google.com/maps/place/csc+centre/data=!4m7!3m6!1s0x39f21b00735c1b5d:0xd3bd8c6942da0794!8m2!3d25.4171497!4d86.1205783!16s%2Fg%2F11msvqd73w!19sChIJXRtccwAb8jkRlAfaQmmMvdM?authuser=0&hl=en&rclk=1
CYBER ZONE,Begusarai,3.7,,+91 84050 99266,,Not Available,"market, Pokharia Rd, Nagerpalika Chowk, Begusarai, Bihar 851101, India",https://www.google.com/maps/place/CYBER+ZONE/data=!4m7!3m6!1s0x39f21bb34eded7bb:0xa8472fb19bfc5e19!8m2!3d25.4147225!4d86.1375746!16s%2Fg%2F11t828sn46!19sChIJu9feTrMb8jkRGV78m7EvR6g?authuser=0&hl=en&rclk=1
Mahtab Cyber Cafe & Stationary Store,Begusarai,,,Not Available,,Not Available,"Ward No - 02, near Pink Building, Singhaul Dih, Begusarai, Bihar 851134, India",https://www.google.com/maps/place/Mahtab+Cyber+Cafe+%26+Stationary+Store/data=!4m7!3m6!1s0x39f2055371844953:0xfce4a59be5763d1b!8m2!3d25.4320769!4d86.0981644!16s%2Fg%2F11ymd547v2!19sChIJU0mEcVMF8jkRGz125Zul5Pw?authuser=0&hl=en&rclk=1
Rahul Communication,Begusarai,5.0,,+91 94710 92781,,https://www.facebook.com/profile.php?id=61566508994319&mibextid=ZbWKwL,"PS TEGHRA, VILL PO, DIST, Pidhauli, BEGUSARAI, Bihar 851133, India",https://www.google.com/maps/place/Rahul+Communication/data=!4m7!3m6!1s0x39f275ae3f12ead5:0x6377629932bad2fd!8m2!3d25.5248517!4d85.9202452!16s%2Fg%2F11s4cjnbyx!19sChIJ1eoSP6518jkR_dK6Mplid2M?authuser=0&hl=en&rclk=1
UNIQUE ONLINE SOLUTION,Begusarai,5.0,,+91 62042 11379,,Not Available,"Mahammadpur, Begusarai, Bihar 851129, India",https://www.google.com/maps/place/UNIQUE+ONLINE+SOLUTION/data=!4m7!3m6!1s0x39f21b427af17427:0x8fb395ba6a202d46!8m2!3d25.4132548!4d86.1517704!16s%2Fg%2F11t82fksg_!19sChIJJ3TxekIb8jkRRi0garqVs48?authuser=0&hl=en&rclk=1
Pragati Cyber World,Begusarai,3.8,,+91 85389 98169,,Not Available,"FXCG+XMM Tara adda, Phulwaria-Barauni, Barauni, Bihar 851113, India",https://www.google.com/maps/place/Pragati+Cyber+World/data=!4m7!3m6!1s0x39f20c515137e0a1:0x27c63d8d7d8c8c1d!8m2!3d25.4724524!4d85.9766724!16s%2Fg%2F11dyb9tt26!19sChIJoeA3UVEM8jkRHYyMfY09xic?authuser=0&hl=en&rclk=1
Radha Mohan Enterprises,Begusarai,5.0,,+91 98733 24263,,Not Available,"Ticket Booking Office ke Samne, Barauni 3, Ward 4, Hanuman Mandir ke Piche, Barauni flag, Begusarai, Bihar 851113, India",https://www.google.com/maps/place/Radha+Mohan+Enterprises/data=!4m7!3m6!1s0x39f20d332f7a3d05:0xecd70466125ae044!8m2!3d25.4745825!4d85.9656755!16s%2Fg%2F11vxtc2kr_!19sChIJBT16LzMN8jkRROBaEmYE1-w?authuser=0&hl=en&rclk=1
Mannat Cyber Cafe,Begusarai,,,Not Available,,Not Available,"SHAMHO OJAN TOLA, WARD NO.4 SALHA SAIDPUR BARARI-2, SHAMHO AKAHA KURHA, Begusarai, Bihar 811106, India",https://www.google.com/maps/place/Mannat+Cyber+Cafe/data=!4m7!3m6!1s0x39f211202758e735:0xc835d55a79705125!8m2!3d25.3921909!4d86.0480212!16s%2Fg%2F11yxzql3hv!19sChIJNedYJyAR8jkRJVFweVrVNcg?authuser=0&hl=en&rclk=1
Sonu Cyber Money Transfer,Begusarai,5.0,,Not Available,,Not Available,"Sonu Cyber Cafe, Nh28, Pipra Dewas, Begusarai, Bihar 851112, India",https://www.google.com/maps/place/Sonu+Cyber+Money+Transfer/data=!4m7!3m6!1s0x39f20f34cf955f09:0x214da46943cc960e!8m2!3d25.4674323!4d86.0218177!16s%2Fg%2F11xkzx2fq9!19sChIJCV-VzzQP8jkRDpbMQ2mkTSE?authuser=0&hl=en&rclk=1
A-1 CYBER CAFE,Begusarai,5.0,,+91 91100 63075,,Not Available,"K.K complax, infront of progressive English academy, Rajaura, Bihar 851131, India",https://www.google.com/maps/place/A-1+CYBER+CAFE/data=!4m7!3m6!1s0x39f20504fc660169:0x68e19ce448aa001c!8m2!3d25.4666041!4d86.145437!16s%2Fg%2F11w3l54_hb!19sChIJaQFm_AQF8jkRHACqSOSc4Wg?authuser=0&hl=en&rclk=1
SUMIT KUMAR,Begusarai,4.5,,+91 75460 31387,,Not Available,"Mirchaiya Chowk, E Central Railway, near Hanuman Mandir, Barauni, Begusarai, Bihar 851112, India",https://www.google.com/maps/place/SUMIT+KUMAR/data=!4m7!3m6!1s0x39f20da88d58bde1:0xae3cd8413be4ba3e!8m2!3d25.4699152!4d85.988683!16s%2Fg%2F11wx0pj24g!19sChIJ4b1YjagN8jkRPrrkO0HYPK4?authuser=0&hl=en&rclk=1
Prem Kumar,Begusarai,4.3,,+91 91994 44445,,Not Available,"55, Begusarai - Manjhaul Rd, Panhas, Anandpur, Bihar 851218, India",https://www.google.com/maps/place/Prem+Kumar/data=!4m7!3m6!1s0x39f204debdb2a3b5:0x7722f52faac94e3!8m2!3d25.4421406!4d86.1382635!16s%2Fg%2F11gxm8jnbs!19sChIJtaOyvd4E8jkR45Ss-lIvcgc?authuser=0&hl=en&rclk=1
Sk Caber Cafe,Begusarai,,,+91 76316 09233,,Not Available,"Hardik Rajura Chok, Rode, Chhapki, Begusarai, Bihar 851131, India",https://www.google.com/maps/place/Sk+Caber+Cafe/data=!4m7!3m6!1s0x39f20529c7a0a917:0xa8679bd85dae4481!8m2!3d25.4601407!4d86.1435026!16s%2Fg%2F11mm3zfxbz!19sChIJF6mgxykF8jkRgUSuXdibZ6g?authuser=0&hl=en&rclk=1
Prince Cyber Cafe,Begusarai,5.0,,+91 95081 89832,,Not Available,"Ward 13, Nagar Parishad, Bagraha Rd, Barauni, Bihar 851112, India",https://www.google.com/maps/place/Prince+Cyber+Cafe/data=!4m7!3m6!1s0x39f20d7b39a66a37:0x75759dfbc308350!8m2!3d25.4772967!4d85.9950265!16s%2Fg%2F11w3f0__m4!19sChIJN2qmOXsN8jkRUIMwvN9ZVwc?authuser=0&hl=en&rclk=1
Aadhar Seva Kendra(ASK) Begusarai,Begusarai,3.1,,Not Available,,http://csc.gov.in/,"Bagha Rd, Suhird Nagar, Subhash Nagar, Begusarai, Bihar 851218, India",https://www.google.com/maps/place/Aadhar+Seva+Kendra%28ASK%29+Begusarai/data=!4m7!3m6!1s0x39f205e48b8d9e39:0xbac70b459b080838!8m2!3d25.4297342!4d86.1341405!16s%2Fg%2F11twdcs4c7!19sChIJOZ6Ni-QF8jkROAgIm0ULx7o?authuser=0&hl=en&rclk=1
"Aadhaar Center Begusarai - CSC, JINEDPUR",Begusarai,4.3,,+91 84058 13222,,Not Available,"SUJEET KUMAR, ZADWAY IT HOUSE, WARD NO.- 05, AT.- JINEDPUR, PO, Rajaura, Bihar 851131, India","https://www.google.com/maps/place/Aadhaar+Center+Begusarai+-+CSC,+JINEDPUR/data=!4m7!3m6!1s0x39f205eb10ed307f:0xa6a2972152389033!8m2!3d25.469906!4d86.1524576!16s%2Fg%2F11qbfg7r7q!19sChIJfzDtEOsF8jkRM5A4UiGXoqY?authuser=0&hl=en&rclk=1"
Rupesh Internet,Begusarai,3.7,,Not Available,,Not Available,"Nagarpalik Market Rd, Chitragupta Nagar, Begusarai, Bihar 851101, India",https://www.google.com/maps/place/Rupesh+Internet/data=!4m7!3m6!1s0x39f21b290d90f835:0xdb526d13586a1aa1!8m2!3d25.4151541!4d86.1375566!16s%2Fg%2F11f_j9bs97!19sChIJNfiQDSkb8jkRoRpqWBNtUts?authuser=0&hl=en&rclk=1
S K CYBER CAFE RAJAURA,Begusarai,3.7,,+91 62026 14310,,Not Available,"Rajaura, Begusarai, Bihar 851131, India",https://www.google.com/maps/place/S+K+CYBER+CAFE+RAJAURA/data=!4m7!3m6!1s0x39f2052cc6fe4b2d:0xc19e5f8f46fe4745!8m2!3d25.4664977!4d86.1486285!16s%2Fg%2F11mvx9v22j!19sChIJLUv-xiwF8jkRRUf-Ro9fnsE?authuser=0&hl=en&rclk=1
Akarshan Digital Studio And Ciber Cafe,Begusarai,,,+91 73019 16558,,Not Available,"0, Bhaiya, Bihar 851129, India",https://www.google.com/maps/place/Akarshan+Digital+Studio+And+Ciber+Cafe/data=!4m7!3m6!1s0x39f21b33caebfc23:0xcc723b1a812eb2d6!8m2!3d25.4112649!4d86.1447387!16s%2Fg%2F11sbfc1v88!19sChIJI_zryjMb8jkR1rIugRo7csw?authuser=0&hl=en&rclk=1
Citymail,Begusarai,4.1,,+91 6243 246 201,,Not Available,Not Available,https://www.google.com/maps/place/Citymail/data=!4m7!3m6!1s0x39f21acd95f25dcf:0x2384d781bf45176c!8m2!3d25.9039196!4d85.8070058!16s%2Fg%2F1hc6297r7!19sChIJz13ylc0a8jkRbBdFv4HXhCM?authuser=0&hl=en&rclk=1
SAJJAD CYBER CAFE,Begusarai,5.0,,+91 87093 47511,,Not Available,"Navdeep Coching, 01, Fulwaria-II, Kairiwari, Bihar 851113, India",https://www.google.com/maps/place/SAJJAD+CYBER+CAFE/data=!4m7!3m6!1s0x39f20d0ef4831531:0xd126d4cd49fd1012!8m2!3d25.4716303!4d85.9777054!16s%2Fg%2F11t6mpvmz5!19sChIJMRWD9A4N8jkREhD9Sc3UJtE?authuser=0&hl=en&rclk=1
Mayka Internet,Begusarai,4.4,16.0,+91 90068 31100,,Not Available,"Front Of Gd College Mirgang Begusarai Main Road, GD College Rd, Begusarai, Bihar 851101, India",https://www.google.com/maps/place/Mayka+Internet/data=!4m7!3m6!1s0x39f21b5cf997f7b1:0x46ae4018fb1ef19!8m2!3d25.4178941!4d86.1243059!16s%2Fg%2F11vptwdd39!19sChIJsfeX-Vwb8jkRGe-xjwHkagQ?authuser=0&hl=en&rclk=1
Chandan Cyber Cafe,Begusarai,,,+91 80513 59074,,Not Available,"At AMARPUR Begusarai, Patna, Bihar 803301, India",https://www.google.com/maps/place/Chandan+Cyber+Cafe/data=!4m7!3m6!1s0x39f2138d6e5c8ad9:0x1e80fae340fb8c3b!8m2!3d25.3786811!4d85.967507!16s%2Fg%2F11yx6742n8!19sChIJ2Ypcbo0T8jkRO4z7QOP6gB4?authuser=0&hl=en&rclk=1
Public Cyber Cafe,Begusarai,4.4,,+91 82948 22211,,Not Available,"near Purani Sarkari Bus Stand, Shokhara, Barauni, Sograha, Bihar 851112, India",https://www.google.com/maps/place/Public+Cyber+Cafe/data=!4m7!3m6!1s0x39f20d3b28bb7b19:0xd72c84587a6ec163!8m2!3d25.4629299!4d85.9920049!16s%2Fg%2F11t0vwzsw8!19sChIJGXu7KDsN8jkRY8FueliELNc?authuser=0&hl=en&rclk=1
ONLINE SUBDHA CENTER,Begusarai,,,+91 87899 81611,,Not Available,"Barauni Teghra, Road, Barauni, Begusarai, Bihar 851113, India",https://www.google.com/maps/place/ONLINE+SUBDHA+CENTER/data=!4m7!3m6!1s0x39f20d1ab1df9c63:0x72ba5b4b1e061f3a!8m2!3d25.461162!4d85.9793806!16s%2Fg%2F11m_5548w_!19sChIJY5zfsRoN8jkROh8GHktbunI?authuser=0&hl=en&rclk=1
Sonu Cyber Cafe And General Store,Begusarai,5.0,,+91 62997 74872,,Not Available,"Gachhi Tola, Deepshikha Road, near Dr Arun Kumar, Vasant Vihar, Begusarai, Bihar 851101, India",https://www.google.com/maps/place/Sonu+Cyber+Cafe+And+General+Store/data=!4m7!3m6!1s0x39f21bdc950b0ec3:0x329b8cf8bd9b0fc!8m2!3d25.4225969!4d86.1302037!16s%2Fg%2F11x5g4c6v3!19sChIJww4Lldwb8jkR_LDZi8-4KQM?authuser=0&hl=en&rclk=1
CHANDAN CYBER CAFE,Begusarai,5.0,3.0,+91 74880 29074,,Not Available,"Refinery 1 No. Gate, Begusarai, Bhabhaur, Bihar 851114, India",https://www.google.com/maps/place/CHANDAN+CYBER+CAFE/data=!4m7!3m6!1s0x39f20f0b7802a75d:0x3a7e7fe9b3afa18!8m2!3d25.4240917!4d86.0623228!16s%2Fg%2F11rmfk68z6!19sChIJXacCeAsP8jkRGPo6m_7npwM?authuser=0&hl=en&rclk=1
Maa sharde internet,Begusarai,,,+91 89695 45545,,Not Available,"WARD NO-07, DHOBI TOL, Rachiyahi Naya Tola, Begusarai, Bihar 851134, India",https://www.google.com/maps/place/Maa+sharde+internet/data=!4m7!3m6!1s0x39f211004d3bde2f:0x8fefd28d6726cf29!8m2!3d25.396111!4d86.0709939!16s%2Fg%2F11xvm40sd3!19sChIJL947TQAR8jkRKc8mZ43S748?authuser=0&hl=en&rclk=1
Pappu Ji Cyber Cafe,Begusarai,,,Not Available,,Not Available,"Kachahari Rd, Vishnupur, Chitragupta Nagar, Begusarai, Bihar 851101, India",https://www.google.com/maps/place/Pappu+Ji+Cyber+Cafe/data=!4m7!3m6!1s0x39f21bda6e342a35:0xb42dcd9d1861533c!8m2!3d25.4168744!4d86.1356327!16s%2Fg%2F11tfd_jyq6!19sChIJNSo0btob8jkRPFNhGJ3NLbQ?authuser=0&hl=en&rclk=1
Digital Hub,Begusarai,,,Not Available,,Not Available,"Kankaul ,Chilmil SH -55, Begusarai, Bihar 851218, India",https://www.google.com/maps/place/Digital+Hub/data=!4m7!3m6!1s0x39f20595a347c099:0x677606c1e78c6c16!8m2!3d25.4424161!4d86.1383895!16s%2Fg%2F11tdn_c0q8!19sChIJmcBHo5UF8jkRFmyM58EGdmc?authuser=0&hl=en&rclk=1
"VPS COMPUTER, Begusarai, Refinery Township",Begusarai,4.7,,+91 95709 88883,,http://www.vpscomputers.in/,"Kalyan Kendra, Refinery Twp, Begusarai, Bihar 851117, India","https://www.google.com/maps/place/VPS+COMPUTER,+Begusarai,+Refinery+Township/data=!4m7!3m6!1s0x39f21ad4abd16fbd:0x55a97d0aedda2579!8m2!3d25.4178567!4d86.1130436!16s%2Fg%2F11f1hk70jj!19sChIJvW_Rq9Qa8jkReSXa7Qp9qVU?authuser=0&hl=en&rclk=1"
Maa Kalyani Digital Flex print,Begusarai,5.0,116.0,+91 97096 34332,,Not Available,"SH - 55, Hardia Tola, Ward No. - 10 Near of Mother Pride International School & Maa Kalyani Cyber Cafe Bhaya - Rajaura, P.S, Muffasil, Begusarai, Bihar 851131, India",https://www.google.com/maps/place/Maa+Kalyani+Digital+Flex+print/data=!4m7!3m6!1s0x39f2050264665209:0xa5ea83d13bc90ab3!8m2!3d25.4584701!4d86.1434236!16s%2Fg%2F11v6539x9z!19sChIJCVJmZAIF8jkRswrJO9GD6qU?authuser=0&hl=en&rclk=1
Dablu,Begusarai,4.7,3.0,+91 79798 80057,,Not Available,"Bazar, Ratanpur Rd, near Shanti Chowk, Dumri, Begusarai, Bihar 851117, India",https://www.google.com/maps/place/Dablu/data=!4m7!3m6!1s0x39f21b1a9099811f:0x4b36e9dbcb8336c7!8m2!3d25.3999638!4d86.1137365!16s%2Fg%2F11lybk1dd6!19sChIJH4GZkBob8jkRxzaDy9vpNks?authuser=0&hl=en&rclk=1
Amrit Cyber Zone,Begusarai,3.7,,+91 78388 42123,,Not Available,"Ward No 13, Zilla Punarwas Shiriniya Vishnupur Near Thakurwari Matihani, Shiriniya, Begusarai, Bihar 851129, India",https://www.google.com/maps/place/Amrit+Cyber+Zone/data=!4m7!3m6!1s0x39f21b6672b4798f:0xae89698d2117d74!8m2!3d25.3733649!4d86.1497332!16s%2Fg%2F11rd_1x_z3!19sChIJj3m0cmYb8jkRdH0R0piW6Ao?authuser=0&hl=en&rclk=1
Pocket Skills Academy,Begusarai,4.9,,+91 80515 27258,,https://pocketskills.in/,"near St paul School, near Milan Chowk, Suhird Nagar, Bagha, Begusarai, Bihar 851218, India",https://www.google.com/maps/place/Pocket+Skills+Academy/data=!4m7!3m6!1s0x39f20591247222e9:0x984aee4f2ce246ff!8m2!3d25.4297062!4d86.1318673!16s%2Fg%2F11swmv2gx3!19sChIJ6SJyJJEF8jkR_0biLE_uSpg?authuser=0&hl=en&rclk=1
N U Digital Seva & Cyber Cafe (csc),Begusarai,3.0,,+91 82981 22533,,Not Available,"Baba sweets, Bagwara, Bihar 851218, India",https://www.google.com/maps/place/N+U+Digital+Seva+%26+Cyber+Cafe+%28csc%29/data=!4m7!3m6!1s0x39f2054b6f7d1471:0xe91560d4d87ec3c2!8m2!3d25.4599063!4d86.1130587!16s%2Fg%2F11rbyghncg!19sChIJcRR9b0sF8jkRwsN-2NRgFek?authuser=0&hl=en&rclk=1
Mehar Communication & Optical,Begusarai,,,+91 70503 31440,,https://www.instagram.com/xx_islamic_lover_?igsh=MW03OGk5bTRzc3Ezaw==,"Ward No 02, near by Madina Masjid, Singhaul Dih, Begusarai, Bihar 851134, India",https://www.google.com/maps/place/Mehar+Communication+%26+Optical/data=!4m7!3m6!1s0x39f20581d82a88a3:0xdd00ad89bd87f8de!8m2!3d25.4333975!4d86.0980494!16s%2Fg%2F11l5dytcbk!19sChIJo4gq2IEF8jkR3viHvYmtAN0?authuser=0&hl=en&rclk=1
Stationery & Cyber Cafe,Begusarai,,,+91 82527 01645,,Not Available,"5, 05, Ulao, Begusarai, Bihar 851134, India",https://www.google.com/maps/place/Stationery+%26+Cyber+Cafe/data=!4m7!3m6!1s0x39f211124f5885db:0xb22d9002092f07f2!8m2!3d25.415834!4d86.089583!16s%2Fg%2F11xzttjksk!19sChIJ24VYTxIR8jkR8gcvCQKQLbI?authuser=0&hl=en&rclk=1
Airtel Store - Begusarai,Begusarai,3.4,,+91 98100 12345,,https://www.airtel.in/,"Ward Number 40, Post Office, Dakbunglaw, Mirzapur Bunduwar, Dist, Chowk, Bishanpur, Begusarai, Bihar 851101, India",https://www.google.com/maps/place/Airtel+Store+-+Begusarai/data=!4m7!3m6!1s0x39f2070040c3192f:0x185166d746b6d9d7!8m2!3d25.4128831!4d86.1440172!16s%2Fg%2F11vsz9j27s!19sChIJLxnDQAAH8jkR19m2RtdmURg?authuser=0&hl=en&rclk=1
Jay Ambe Puja Ghar And Communication,Begusarai,5.0,3.0,+91 75468 24164,,Not Available,"Front of MRJD Collage, Nav Road, West, Sarvodaya Nagar, Bishanpur, Begusarai, Bihar 851129, India",https://www.google.com/maps/place/Jay+Ambe+Puja+Ghar+And+Communication/data=!4m7!3m6!1s0x39f21b1253dd3bf3:0x6210de803f14d4e7!8m2!3d25.4094033!4d86.1455405!16s%2Fg%2F11vyqpkxmr!19sChIJ8zvdUxIb8jkR59QUP4DeEGI?authuser=0&hl=en&rclk=1
Manoj Online Shop,Begusarai,4.7,3.0,+91 95728 99136,,Not Available,"Ward No 05, Manoj Online Shop C/ O Manoj Kr Kamruddinpur Kamruddinpur Hanuman Chowk, near Shiv Mandir, Begusarai, Bihar 851134, India",https://www.google.com/maps/place/Manoj+Online+Shop/data=!4m7!3m6!1s0x39f21bb42fa1914d:0x593a72c06d26433!8m2!3d25.397067!4d86.1085749!16s%2Fg%2F11ssjvzxyy!19sChIJTZGhL7Qb8jkRM2TSBiynkwU?authuser=0&hl=en&rclk=1
CYBER WORLD & STATIONARY,Begusarai,5.0,,+91 76316 27325,,Not Available,"C4HJ+VXF, Suhird Nagar, Subhash Nagar, Begusarai, Bihar 851218, India",https://www.google.com/maps/place/CYBER+WORLD+%26+STATIONARY/data=!4m7!3m6!1s0x39f2050004f9d37f:0x15a55b57b3f9f24b!8m2!3d25.4296788!4d86.1324111!16s%2Fg%2F11xp3hndl6!19sChIJf9P5BAAF8jkRS_L5s1dbpRU?authuser=0&hl=en&rclk=1
Harsh Cyber Cafe,Begusarai,3.7,,+91 76679 15400,,Not Available,"C4HJ+W96, Subhash Nagar, Begusarai, Bihar 851218, India",https://www.google.com/maps/place/Harsh+Cyber+Cafe/data=!4m7!3m6!1s0x39f205296bc9477b:0x9c45d032a32cef5c!8m2!3d25.4297793!4d86.1308779!16s%2Fg%2F11f06kzqk8!19sChIJe0fJaykF8jkRXO8sozLQRZw?authuser=0&hl=en&rclk=1
M . S Cyber Cafe,Begusarai,5.0,,+91 70618 06750,,Not Available,"DDR, E Central Railway, Shokhara, Begusarai, Bihar 851112, India",https://www.google.com/maps/place/M+.+S+Cyber+Cafe/data=!4m7!3m6!1s0x39f20d5287ae0325:0x512ac1f93818373!8m2!3d25.469616!4d85.9844719!16s%2Fg%2F11tt0_1xnm!19sChIJJQOuh1IN8jkRc4OBkx-sEgU?authuser=0&hl=en&rclk=1
SKY CYBER CAFE,Begusarai,5.0,,+91 62027 54266,,Not Available,"ward no 05, hauman chowk road, near eklaveya public school, kamruddinpur, kamruddiipur, Begusarai, Ramdiri-IV, Bihar 851134, India",https://www.google.com/maps/place/SKY+CYBER+CAFE/data=!4m7!3m6!1s0x39f21b12b4adee59:0x1e9fd21bf840d90b!8m2!3d25.3978218!4d86.1047284!16s%2Fg%2F11x122ktj9!19sChIJWe6ttBIb8jkRC9lA-BvSnx4?authuser=0&hl=en&rclk=1
Cyber Station,Begusarai,5.0,,Not Available,,Not Available,"C49F+85F, GD College Rd, opposite Ratna Mandir Jwellers, Pipra, Begusarai, Barauni IOC Twp, Bihar 851101, India",https://www.google.com/maps/place/Cyber+Station/data=!4m7!3m6!1s0x39f21b643d4f86f9:0x6b00d636350ce13b!8m2!3d25.4183051!4d86.1229228!16s%2Fg%2F11pkdpn_n0!19sChIJ-YZPPWQb8jkRO-EMNTbWAGs?authuser=0&hl=en&rclk=1
Communication Home,Begusarai,3.5,,+91 95348 81344,,Not Available,"C49F+6HM, Vasant Vihar, Barauni IOC Twp, Bihar 851101, India",https://www.google.com/maps/place/Communication+Home/data=!4m7!3m6!1s0x39f21acd8cd82849:0xb314721c16dc9b4c!8m2!3d25.4180845!4d86.1239344!16s%2Fg%2F11fz7p_h7z!19sChIJSSjYjM0a8jkRTJvcFhxyFLM?authuser=0&hl=en&rclk=1
CHAND Computer Cyber Zone,Begusarai,3.6,,+91 88639 61866,,Not Available,"Pokharia Rd, near Dr. Mirdula Sharma Clinic, Chitragupta Nagar, Begusarai, Bihar 851101, India",https://www.google.com/maps/place/CHAND+Computer+Cyber+Zone/data=!4m7!3m6!1s0x39f21bf701b60003:0x8fae5e3f341a3f67!8m2!3d25.4179895!4d86.1380642!16s%2Fg%2F11scmkj8wf!19sChIJAwC2Afcb8jkRZz8aND9ero8?authuser=0&hl=en&rclk=1
Vijeta Computer World,Begusarai,2.5,,+91 82109 37049,,Not Available,"Nagar Nigam Chowk, Begusarai, Bihar 851101, India",https://www.google.com/maps/place/Vijeta+Computer+World/data=!4m7!3m6!1s0x39f21bb69392a8cf:0x205b7879a223122e!8m2!3d25.4138768!4d86.1373458!16s%2Fg%2F11ssd3qldc!19sChIJz6iSk7Yb8jkRLhIjonl4WyA?authuser=0&hl=en&rclk=1
Csc Center,Begusarai,4.2,,+91 90069 31259,,Not Available,"0, Main Rd, Ratanpur, Begusarai, Bihar 851101, India",https://www.google.com/maps/place/Csc+Center/data=!4m7!3m6!1s0x39f21b3d6b52f19b:0xe4ec599a9e46ede!8m2!3d25.4153341!4d86.131862!16s%2Fg%2F11jyj5ltnj!19sChIJm_FSaz0b8jkR3m7kqZnFTg4?authuser=0&hl=en&rclk=1
Tejash Cyber Cafe,Begusarai,1.0,,+91 76330 60224,,Not Available,"Ward No 05, Ratauli - Binodpur Rd, near Tower Ke Pass, Ratauli, Begusarai, Bihar 851134, India",https://www.google.com/maps/place/Tejash+Cyber+Cafe/data=!4m7!3m6!1s0x39f20f5b0e717f45:0xee84846e25d5471d!8m2!3d25.4474991!4d86.0871955!16s%2Fg%2F11vx41q1xs!19sChIJRX9xDlsP8jkRHUfVJW6EhO4?authuser=0&hl=en&rclk=1
Chandan Cyber Cafe,Begusarai,0.0,,+91 88252 98039,,Not Available,"Refinery Rd, near Matewsari neer, Chakballi, Begusarai, Bihar 851115, India",https://www.google.com/maps/place/Chandan+Cyber+Cafe/data=!4m7!3m6!1s0x39f2117de3c2ac0b:0x4ea9381c9062d7fb!8m2!3d25.4171332!4d86.0338266!16s%2Fg%2F11wx2_4gcv!19sChIJC6zC430R8jkR-9dikBw4qU4?authuser=0&hl=en&rclk=1
Sunil Cafe,Begusarai,4.8,5.0,+91 87093 08617,,Not Available,"Subhash chowk by pass road, C4HH P4C, Subhash Nagar, Bagha Rd, Gandhi Chowk, Begusarai, Bihar 851218, India",https://www.google.com/maps/place/Sunil+Cafe/data=!4m7!3m6!1s0x39f205a5fede9bb7:0xfe39c6a170ab97bb!8m2!3d25.4294095!4d86.1277522!16s%2Fg%2F11tsq0q2xg!19sChIJt5ve_qUF8jkRu5ercKHGOf4?authuser=0&hl=en&rclk=1
Raj Computer,Begusarai,5.0,,+91 81020 55336,,http://thinkbuild.tech/,"Station Rd, near Dr. Sushil Kumar Clinic, Vishnupur, Sarvodaya Nagar, Begusarai, Bihar 851101, India",https://www.google.com/maps/place/Raj+Computer/data=!4m7!3m6!1s0x39f21ad54df4d07f:0xe9615e77e7196390!8m2!3d25.4224701!4d86.1338625!16s%2Fg%2F11fj1rmqmg!19sChIJf9D0TdUa8jkRkGMZ53deYek?authuser=0&hl=en&rclk=1
JAGDAMBA ONLINE AADHAAR KENDRA,Begusarai,5.0,,Not Available,,Not Available,"F47V+8QR, Begusarai - Manjhaul Rd, Sikardarpur, Hardia, Bihar 851131, India",https://www.google.com/maps/place/JAGDAMBA+ONLINE+AADHAAR+KENDRA/data=!4m7!3m6!1s0x39f204fa094091bf:0x4b6b2cf48008c05e!8m2!3d25.4633615!4d86.144398!16s%2Fg%2F11hbmvmhy_!19sChIJv5FACfoE8jkRXsAIgPQsa0s?authuser=0&hl=en&rclk=1
Manish Cyber Point,Begusarai,4.8,5.0,Not Available,,Not Available,"Chowk, Barauni - Purnea Hwy, Anandpur, Begusarai, Bihar 851135, India",https://www.google.com/maps/place/Manish+Cyber+Point/data=!4m7!3m6!1s0x39f20f514efba5bf:0x9cd21a0f20b0d4b1!8m2!3d25.4499874!4d86.018958!16s%2Fg%2F11vwjx1m8f!19sChIJv6X7TlEP8jkRsdSwIA8a0pw?authuser=0&hl=en&rclk=1
Vishnu Store & Net World,Begusarai,4.3,12.0,+91 95349 68714,,Not Available,"GD College Rd, MIRGANJ, Begusarai, Bihar 851101, India",https://www.google.com/maps/place/Vishnu+Store+%26+Net+World/data=!4m7!3m6!1s0x39f21bfa9bb50659:0xe020340c05eaf331!8m2!3d25.4194096!4d86.1217928!16s%2Fg%2F11k2bchdfh!19sChIJWQa1m_ob8jkRMfPqBQw0IOA?authuser=0&hl=en&rclk=1
Sharda Cyber Cafe,Begusarai,5.0,1.0,+91 70049 00013,,Not Available,"Road, near Shiv Mandir, Shankh, Begusarai, Bihar 851131, India",https://www.google.com/maps/place/Sharda+Cyber+Cafe/data=!4m7!3m6!1s0x39f205818beb4cbb:0x338b8ca3b4b5ae7!8m2!3d25.467014!4d86.1723261!16s%2Fg%2F11x1qsq5sp!19sChIJu0zri4EF8jkR51pLO8q4OAM?authuser=0&hl=en&rclk=1
K R K Computers,Begusarai,0.0,,+91 87577 90809,,Not Available,"Begusarai - Rosera Rd, near Triveni Hardware, Rajaura, Begusarai, Bihar 851131, India",https://www.google.com/maps/place/K+R+K+Computers/data=!4m7!3m6!1s0x39f205639e230ff3:0x28023a73f8c94324!8m2!3d25.4638982!4d86.1441626!16s%2Fg%2F11ybz7qnqq!19sChIJ8w8jnmMF8jkRJEPJ-HM6Aig?authuser=0&hl=en&rclk=1
Srs Computer Sudhansu,Begusarai,,,+91 76312 82981,,Not Available,"Singhoul - Binodpur, Rd, near Gangotri Pani Plant, Singhaul Dih, Singhaul, Begusarai, Bihar 851134, India",https://www.google.com/maps/place/Srs+Computer+Sudhansu/data=!4m7!3m6!1s0x39f205585743e423:0xb40ccddd17cb97fd!8m2!3d25.4391486!4d86.0988658!16s%2Fg%2F11v3svtz5m!19sChIJI-RDV1gF8jkR_ZfLF93NDLQ?authuser=0&hl=en&rclk=1
Gupta Online & Stationery Shop,Begusarai,5.0,3.0,+91 87897 92461,,Not Available,"Vishnu Chowk, Infront Of Collegiate School, Vasant Vihar, Begusarai, Bihar 851101, India",https://www.google.com/maps/place/Gupta+Online+%26+Stationery+Shop/data=!4m7!3m6!1s0x39f21b1b7e14ae55:0x33a210a0c3e0d05c!8m2!3d25.4178475!4d86.1275654!16s%2Fg%2F11lf41m5x4!19sChIJVa4Ufhsb8jkRXNDgw6AQojM?authuser=0&hl=en&rclk=1
Laxman Online Point,Begusarai,,,+91 93689 30871,,Not Available,"Begusarai, Shankh, Bihar 851131, India",https://www.google.com/maps/place/Laxman+Online+Point/data=!4m7!3m6!1s0x39f2031df70e9e47:0x7942ed46a9383f37!8m2!3d25.4766733!4d86.183054!16s%2Fg%2F11tjwmxkxz!19sChIJR54O9x0D8jkRNz84qUbtQnk?authuser=0&hl=en&rclk=1
SATISH ENTERPRISES,Begusarai,,,Not Available,,Not Available,"F36J+GW2, MIDDLE SCHOOL MIRZAPUR CHAND, Barauni, Begusarai, Bihar 851112, India",https://www.google.com/maps/place/SATISH+ENTERPRISES/data=!4m7!3m6!1s0x39f20f007b2c27f5:0x5d34e993cff9e3a7!8m2!3d25.461265!4d86.0822677!16s%2Fg%2F11xn53prrk!19sChIJ9ScsewAP8jkRp-P5z5PpNF0?authuser=0&hl=en&rclk=1
ANSH CYBER CAFE,Katihar,4.2,,+91 88774 15032,,Not Available,"teja tola, chowk, Mirchaibari, Katihar, Bihar 854105, India",https://www.google.com/maps/place/ANSH+CYBER+CAFE/data=!4m7!3m6!1s0x39faaa232ef4297b:0xdb75d718f0b994b7!8m2!3d25.5593074!4d87.5619769!16s%2Fg%2F11cn9k03cf!19sChIJeyn0LiOq-jkRt5S58BjXdds?authuser=0&hl=en&rclk=1
Cyber Tech (Internet Cafe),Katihar,3.9,,Not Available,,Not Available,"Infront of Leader Club, Pani Tanki Chowk, Gami Tola, Katihar, Bihar 854105, India",https://www.google.com/maps/place/Cyber+Tech+%28Internet+Cafe%29/data=!4m7!3m6!1s0x39faa900208dd2f7:0xac310293564c3778!8m2!3d25.5405394!4d87.5749566!16s%2Fg%2F11vy2d_gsj!19sChIJ99KNIACp-jkReDdMVpMCMaw?authuser=0&hl=en&rclk=1
Internet Cafe And Games,Katihar,4.3,,Not Available,,Not Available,"NH 131A, Kadwa, Katihar, Bihar 854105, India",https://www.google.com/maps/place/Internet+Cafe+And+Games/data=!4m7!3m6!1s0x39faa98374c2afef:0x125adf279ed3b39f!8m2!3d25.5391317!4d87.5752428!16s%2Fg%2F11c74ct2p1!19sChIJ76_CdIOp-jkRn7PTniffWhI?authuser=0&hl=en&rclk=1
SHREE GANESH CYBER CAFE,Katihar,5.0,,+91 95081 19370,,Not Available,"DASRAJ MANSION, near Shiv Mandir, Vijay Nagar, Tiarpara, Katihar, Bihar 854105, India",https://www.google.com/maps/place/SHREE+GANESH+CYBER+CAFE/data=!4m7!3m6!1s0x39faa948c6093967:0xbdee55f5d9ca7b8d!8m2!3d25.5469046!4d87.5797057!16s%2Fg%2F11x6d56hbg!19sChIJZzkJxkip-jkRjXvK2fVV7r0?authuser=0&hl=en&rclk=1
SUNDAY DIGITAL CAFE,Katihar,5.0,,+91 88099 10584,,Not Available,"near Raza Jama Masjid, Sharifganj, Katihar, Bihar 854105, India",https://www.google.com/maps/place/SUNDAY+DIGITAL+CAFE/data=!4m7!3m6!1s0x39faa9cba616fe31:0x2553353714953e6f!8m2!3d25.5215714!4d87.5646508!16s%2Fg%2F11lzn_ct76!19sChIJMf4Wpsup-jkRbz6VFDc1UyU?authuser=0&hl=en&rclk=1
Usha Digital Cyber Cafe & Printing Press,Katihar,5.0,,Not Available,,Not Available,"Udamarekha Chowk, Sirnia East, Katihar, Bihar 854103, India",https://www.google.com/maps/place/Usha+Digital+Cyber+Cafe+%26+Printing+Press/data=!4m7!3m6!1s0x39faa9db93c5f965:0x31b164b104b488ed!8m2!3d25.5120197!4d87.5831186!16s%2Fg%2F11w7ccj9mv!19sChIJZfnFk9up-jkR7Yi0BLFksTE?authuser=0&hl=en&rclk=1
Nayra Digital Cafe,Katihar,5.0,,+91 87090 52039,,Not Available,"Shop No.03, DS College Rd, Hariganj Mohalla, Katihar, Bihar 854105, India",https://www.google.com/maps/place/Nayra+Digital+Cafe/data=!4m7!3m6!1s0x39faa97dcf9655d9:0x1d438b3bcca5f309!8m2!3d25.5350875!4d87.5836726!16s%2Fg%2F11yyxjnyyy!19sChIJ2VWWz32p-jkRCfOlzDuLQx0?authuser=0&hl=en&rclk=1
Sharda Computer,Katihar,4.1,,+91 6452 239 032,,Not Available,"HHH4+4C7, Bheriya Rahika, near Government polytechnic and Katihar Medical college, Mojheli, Katihar, Bihar 854106, India",https://www.google.com/maps/place/Sharda+Computer/data=!4m7!3m6!1s0x39faaa6ba5b0c079:0x431b5cba6f60143c!8m2!3d25.5777329!4d87.5560312!16s%2Fg%2F11c2ph9dtt!19sChIJecCwpWuq-jkRPBRgb7pcG0M?authuser=0&hl=en&rclk=1
Kukku Digital Cafe,Katihar,4.0,,+91 94706 07770,,Not Available,"Hridayganj, SRC College Road, Mojheli, Katihar, Bihar 854105, India",https://www.google.com/maps/place/Kukku+Digital+Cafe/data=!4m7!3m6!1s0x39faaa0e4c4e8df7:0xb044407d46871a9e!8m2!3d25.552049!4d87.571306!16s%2Fg%2F11ggqzptqf!19sChIJ941OTA6q-jkRnhqHRn1ARLA?authuser=0&hl=en&rclk=1
CITY CYBER (IGNOU ASSIGNMENT ZONE),Katihar,5.0,,+91 92348 87506,,Not Available,"DS College Rd, near Central Bank, Ramnagar, Dwasay, Katihar, Bihar 854105, India",https://www.google.com/maps/place/CITY+CYBER+%28IGNOU+ASSIGNMENT+ZONE%29/data=!4m7!3m6!1s0x39faa9f27f1503c3:0x74de1d03b3bf3bcc!8m2!3d25.5348415!4d87.5824623!16s%2Fg%2F11wx4knzr1!19sChIJwwMVf_Kp-jkRzDu_swMd3nQ?authuser=0&hl=en&rclk=1
GS Cyber Cafe,Katihar,,,Not Available,,Not Available,"near Durga Mandir, Fasiya, Burma Colony, Tingachiya, Katihar, Bihar 854105, India",https://www.google.com/maps/place/GS+Cyber+Cafe/data=!4m7!3m6!1s0x39faa974b4e453c5:0xd120bcebdc9e7e78!8m2!3d25.5174192!4d87.5816751!16s%2Fg%2F11yn_3nyhr!19sChIJxVPktHSp-jkReH6e3Ou8INE?authuser=0&hl=en&rclk=1
All IN ONE CYBER CAFE,Katihar,4.3,28.0,+91 62068 12971,,Not Available,"Gaushala chowk, Goshala, Sharifganj, Katihar, Bihar 854105, India",https://www.google.com/maps/place/All+IN+ONE+CYBER+CAFE/data=!4m7!3m6!1s0x39faa967141dd157:0x7dbbe2f2555d4e54!8m2!3d25.5303926!4d87.5631863!16s%2Fg%2F11y7h950bt!19sChIJV9EdFGep-jkRVE5dVfLiu30?authuser=0&hl=en&rclk=1
Digital Communication,Katihar,5.0,,+91 70044 21046,,Not Available,"Subhan meat gali, Digital Communication, Mirchaibari, Katihar, Bihar 854105, India",https://www.google.com/maps/place/Digital+Communication/data=!4m7!3m6!1s0x39faabbee603879b:0x215f9b358cd0874e!8m2!3d25.5590843!4d87.5562466!16s%2Fg%2F11l2_z277z!19sChIJm4cD5r6r-jkRTofQjDWbXyE?authuser=0&hl=en&rclk=1
N S Services,Katihar,5.0,,+91 88629 16000,,Not Available,"Ambedkar Chowk, Mirchaibari, Katihar, Bihar 854105, India",https://www.google.com/maps/place/N+S+Services/data=!4m7!3m6!1s0x39faabdd1e897423:0xb498c372fbf1414a!8m2!3d25.5607199!4d87.5561071!16s%2Fg%2F11r_w46mxr!19sChIJI3SJHt2r-jkRSkHx-3LDmLQ?authuser=0&hl=en&rclk=1
e-SANDALPUR Digital Services,Katihar,5.0,,+91 70040 68183,,http://www.esandalpur.wordpress.com/,", Sandalpur, Katihar, Bihar 854106, India",https://www.google.com/maps/place/e-SANDALPUR+Digital+Services/data=!4m7!3m6!1s0x39f001d957a3b681:0x3665f1b6c93164a5!8m2!3d25.5795326!4d87.5136475!16s%2Fg%2F11hhs_0mgj!19sChIJgbajV9kB8DkRpWQxybbxZTY?authuser=0&hl=en&rclk=1
SHREYANSHI GENERAL STORE & ONLINE CENTER,Katihar,4.5,,Not Available,,http://www.shreyanshigenralstore.in/,"IN FRONT UTKRAMIT MADDHYA VIDDYLAYA, Burma Colony, Tingachiya, Katihar, Bihar 854103, India",https://www.google.com/maps/place/SHREYANSHI+GENERAL+STORE+%26+ONLINE+CENTER/data=!4m7!3m6!1s0x39faa9f9f9832229:0x48b785d1ff9bc19c!8m2!3d25.5222032!4d87.576661!16s%2Fg%2F11khsl4fqx!19sChIJKSKD-fmp-jkRnMGb_9GFt0g?authuser=0&hl=en&rclk=1
Sonu Internet Cafe,Katihar,0.0,,+91 73524 49402,,Not Available,"Shop No 02, Medical College, Kanwa Tola, near Medical College Gate, Katihar, Bihar 854106, India",https://www.google.com/maps/place/Sonu+Internet+Cafe/data=!4m7!3m6!1s0x39faaba979394d5b:0x87f345c46e09c53c!8m2!3d25.583651!4d87.5507079!16s%2Fg%2F11x202vc9j!19sChIJW005eamr-jkRPMUJbsRF84c?authuser=0&hl=en&rclk=1
KATIHAR ONLINE & CSC CENTER,Katihar,5.0,,Not Available,,https://www.youtube.com/channel/UCoArs7V3Zgd-Qhnpu-8Mv6A,"Mirchai Bari Masjid Rd, Mirchaibari, Katihar, Bihar 854105, India",https://www.google.com/maps/place/KATIHAR+ONLINE+%26+CSC+CENTER/data=!4m7!3m6!1s0x39faab8fde0e2605:0xd141ee74d7543566!8m2!3d25.5551892!4d87.558235!16s%2Fg%2F11fjy4lln5!19sChIJBSYO3o-r-jkRZjVU13TuQdE?authuser=0&hl=en&rclk=1
CYBER HUB,Katihar,,,+91 62016 96039,,Not Available,"Anand Complex, UTTAR BIHAR GRAMIN JILA ATITHI, A7, GRIH ROAD, near Ajay Army Store, Mirchaibari, Katihar, Bihar 854105, India",https://www.google.com/maps/place/CYBER+HUB/data=!4m7!3m6!1s0x39faab3342502f37:0xb4176adec515134e!8m2!3d25.5548902!4d87.5565962!16s%2Fg%2F11zk4cc2lj!19sChIJNy9QQjOr-jkRThMVxd5qF7Q?authuser=0&hl=en&rclk=1
Sharma Photo State,Katihar,5.0,,+91 99554 65773,,Not Available,"DS College Rd, Khanqah Mohalla, prabhat nagar, Katihar, Bihar 854105, India",https://www.google.com/maps/place/Sharma+Photo+State/data=!4m7!3m6!1s0x39faa9870e8c8775:0x19c62cbd4bf48fd9!8m2!3d25.5350376!4d87.5831489!16s%2Fg%2F11gxmszjgy!19sChIJdYeMDoep-jkR2Y_0S70sxhk?authuser=0&hl=en&rclk=1
AH Digital Seva Kendra,Katihar,4.3,,+91 91179 09707,,Not Available,"HHVC+RWV, At- Haji Basir Tola Dalan Katihar Bihar 854106, Bhawara, Bihar SH 98, India",https://www.google.com/maps/place/AH+Digital+Seva+Kendra/data=!4m7!3m6!1s0x39faab00695fbb35:0xec1a418fbeca873d!8m2!3d25.5942817!4d87.5722401!16s%2Fg%2F11w4fwlc30!19sChIJNbtfaQCr-jkRPYfKvo9BGuw?authuser=0&hl=en&rclk=1
Rudraveer Enterprises,Katihar,4.5,,+91 77658 84542,,https://rudraveer-enterprises.grexa.site/,"High School Para, Larkania Tola, Katihar, Bihar 854105, India",https://www.google.com/maps/place/Rudraveer+Enterprises/data=!4m7!3m6!1s0x39faa91dc3ecc795:0xcf839a612bd6164c!8m2!3d25.5463902!4d87.5725952!16s%2Fg%2F11wfhk30cb!19sChIJlcfswx2p-jkRTBbWK2Gag88?authuser=0&hl=en&rclk=1
Apka Cyber Adda (CSC Center),Katihar,4.5,,Not Available,,Not Available,"PS- Muffasil, Panchayat- Deharia, Ward No- 15 Village- Chilmara Near By Kali Mandir Post - Sirnia, Katihar, Bihar 854103, India",https://www.google.com/maps/place/Apka+Cyber+Adda+%28CSC+Center%29/data=!4m7!3m6!1s0x39faa93bb34f9b11:0xbd4bc8a2ba5cf7da!8m2!3d25.5091636!4d87.6001912!16s%2Fg%2F11rwyswdfz!19sChIJEZtPszup-jkR2vdcuqLIS70?authuser=0&hl=en&rclk=1
Cafe Link,Katihar,,,+91 62877 71527,,Not Available,"Barik Chowk, Bara Bazar, Hariganj Mohalla, Katihar, Bihar 854105, India",https://www.google.com/maps/place/Cafe+Link/data=!4m7!3m6!1s0x39faa9cc250182f5:0x4e4ff0eb082b1185!8m2!3d25.5377933!4d87.5826058!16s%2Fg%2F11ynzrypvv!19sChIJ9YIBJcyp-jkRhRErCOvwT04?authuser=0&hl=en&rclk=1
Ak Online Store & Cyber Cafe,Katihar,2.0,,+91 92627 20157,,Not Available,"Ak Online Store, Dhanpara, Katihar, Bihar 854107, India",https://www.google.com/maps/place/Ak+Online+Store+%26+Cyber+Cafe/data=!4m7!3m6!1s0x39faaf8949604975:0xa641f8f0be63272d!8m2!3d25.4949819!4d87.6602535!16s%2Fg%2F11l2hv70w6!19sChIJdUlgSYmv-jkRLSdjvvD4QaY?authuser=0&hl=en&rclk=1
Sumit Cyber Point,Katihar,5.0,1.0,+91 87576 63497,,http://www.facebook.com/sumisco,"17, Bhagwan Chowk, Tiarpara, Katihar, Bihar 854105, India",https://www.google.com/maps/place/Sumit+Cyber+Point/data=!4m7!3m6!1s0x39faabfb0461c687:0x66cde353cdc21711!8m2!3d25.5541673!4d87.5771294!16s%2Fg%2F11j5hghg34!19sChIJh8ZhBPur-jkRERfCzVPjzWY?authuser=0&hl=en&rclk=1
Danish Computer,Katihar,4.2,,+91 75410 83246,,Not Available,"Mahmood Chowk, DS College Rd, Dwasay, Katihar, Bihar 854105, India",https://www.google.com/maps/place/Danish+Computer/data=!4m7!3m6!1s0x39faa977f8a284c7:0xf7ee92fcefbc94bd!8m2!3d25.536405!4d87.5793891!16s%2Fg%2F11g6j9wsbx!19sChIJx4Si-Hep-jkRvZS87_yS7vc?authuser=0&hl=en&rclk=1
ROHIT DIGITAL SERVICE CENTER,Katihar,5.0,,+91 70045 78524,,Not Available,"Katihar, Bihar 854105, India",https://www.google.com/maps/place/ROHIT+DIGITAL+SERVICE+CENTER/data=!4m7!3m6!1s0x39faa9fd6130263d:0x85a174da4b16e09a!8m2!3d25.5446831!4d87.5783535!16s%2Fg%2F11s8611dr8!19sChIJPSYwYf2p-jkRmuAWS9p0oYU?authuser=0&hl=en&rclk=1
Ajeet Online Centre,Katihar,,,Not Available,,Not Available,"HM56+69M, PS-Dandkhora, PO, Dumaria, Mohnipipra, Katihar, Bihar 855114, India",https://www.google.com/maps/place/Ajeet+Online+Centre/data=!4m7!3m6!1s0x39faad003c91e9dd:0x150605dfd6c3f908!8m2!3d25.5580846!4d87.6609328!16s%2Fg%2F11ygqpqng9!19sChIJ3emRPACt-jkRCPnD1t8FBhU?authuser=0&hl=en&rclk=1
Pappu Common Service Centre,Katihar,3.0,,+91 62012 03852,,Not Available,"Shop No.02 Ward No.06, Sirsa CHOWK, near Shiv Mandir, Dalan East, Katihar, Bihar 854106, India",https://www.google.com/maps/place/Pappu+Common+Service+Centre/data=!4m7!3m6!1s0x39faab5c26714db9:0x24ca1afc65c58473!8m2!3d25.5885403!4d87.5551658!16s%2Fg%2F11lcc6v29w!19sChIJuU1xJlyr-jkRc4TFZfwayiQ?authuser=0&hl=en&rclk=1
MADHIA ENTERPRISES,Katihar,,,+91 98358 79339,,Not Available,"near Jama Masjid, Chhoti Tengariya, Sukhasan, Katihar, Bihar 854107, India",https://www.google.com/maps/place/MADHIA+ENTERPRISES/data=!4m7!3m6!1s0x39f0075ae54b617b:0x7042c52da58ca8cd!8m2!3d25.5033833!4d87.5093518!16s%2Fg%2F11n45bjhkc!19sChIJe2FL5VoH8DkRzaiMpS3FQnA?authuser=0&hl=en&rclk=1
Shamsad Stationary & Online Center,Katihar,,,+91 62005 69121,,Not Available,"Shop No. 03, Chadrmachowk, Katihar, Bihar 854105, India",https://www.google.com/maps/place/Shamsad+Stationary+%26+Online+Center/data=!4m7!3m6!1s0x39faabd7bdf2a1a5:0x1e382d7aa5504a5c!8m2!3d25.5766019!4d87.5756515!16s%2Fg%2F11m_761bpz!19sChIJpaHyvder-jkRXEpQpXotOB4?authuser=0&hl=en&rclk=1
Anwarul Online Cervice Centre,Katihar,,,+91 95463 00584,,Not Available,"Pachim Tola Sonaili Rd, near Nuri Masjid, Khorwa, Katihar, Bihar 854106, India",https://www.google.com/maps/place/Anwarul+Online+Cervice+Centre/data=!4m7!3m6!1s0x39faaba2249fdb15:0xed89b0c48837ab92!8m2!3d25.6005634!4d87.5862848!16s%2Fg%2F11yn41033b!19sChIJFdufJKKr-jkRkqs3iMSwie0?authuser=0&hl=en&rclk=1
JAI GURUDEV ONLINE,Katihar,,,Not Available,,Not Available,"Front of AGARSHEN BHAWAN, Moffar Ganj, Binodpur, Katihar, Bihar 854105, India",https://www.google.com/maps/place/JAI+GURUDEV+ONLINE/data=!4m7!3m6!1s0x39faa9b4f8de1fd7:0x794cd7c8cf268e98!8m2!3d25.5372702!4d87.5692645!16s%2Fg%2F11t2lwxwtx!19sChIJ1x_e-LSp-jkRmI4mz8jXTHk?authuser=0&hl=en&rclk=1
Csc Point,Katihar,,,+91 79032 72502,,Not Available,"Shop No 2 Ward No 8, Mujwartal Mujwartal Road, near Patrol Pump, Mirchaibari, Manihari, Katihar, Bihar 854105, India",https://www.google.com/maps/place/Csc+Point/data=!4m7!3m6!1s0x39faab977f721d81:0xa2660244790d2c85!8m2!3d25.5501116!4d87.5604471!16s%2Fg%2F11vm8vbsgw!19sChIJgR1yf5er-jkRhSwNeUQCZqI?authuser=0&hl=en&rclk=1
Alok Digital Service Center,Katihar,5.0,1.0,+91 99052 73198,,Not Available,"Alok Digital Service Center, Katihar-Manihari Rd, near Peridot School, Sharifganj, Katihar, Bihar 854105, India",https://www.google.com/maps/place/Alok+Digital+Service+Center/data=!4m7!3m6!1s0x39faa9002306c77d:0x58f937489e9c3a92!8m2!3d25.5229714!4d87.5644177!16s%2Fg%2F11l_4wr_9m!19sChIJfccGIwCp-jkRkjqcnkg3-Vg?authuser=0&hl=en&rclk=1
Shiksha Computer Centre,Katihar,,,+91 84092 01671,,Not Available,"Hawai Adda, Sharifganj, Katihar, Bihar 854105, India",https://www.google.com/maps/place/Shiksha+Computer+Centre/data=!4m7!3m6!1s0x39faa995c343075f:0x205a5c63cf91c97!8m2!3d25.5260369!4d87.5636169!16s%2Fg%2F11d_d4q1js!19sChIJXwdDw5Wp-jkRlxz5PMalBQI?authuser=0&hl=en&rclk=1
GIIT COMPUTER INSTITUTE,Katihar,4.7,,+91 94716 58267,,Not Available,"Gami Tola, Katihar, Bihar 854105, India",https://www.google.com/maps/place/GIIT+COMPUTER+INSTITUTE/data=!4m7!3m6!1s0x39faa9275cbcfabb:0x8a6b46fbcf6fe3eb!8m2!3d25.5416752!4d87.5777336!16s%2Fg%2F11rqlgv0kt!19sChIJu_q8XCep-jkR6-Nvz_tGa4o?authuser=0&hl=en&rclk=1
Sonu Cyber Cafe And Printing Press,Katihar,,,Not Available,,Not Available,"Balu Tola, Banya Tola, Haflaganj, Sirnia East, Bihar 854103, India",https://www.google.com/maps/place/Sonu+Cyber+Cafe+And+Printing+Press/data=!4m7!3m6!1s0x39faa9315efc1a19:0x4720de2cb97ed3bd!8m2!3d25.4941284!4d87.5883508!16s%2Fg%2F11z1w5q2fp!19sChIJGRr8XjGp-jkRvdN-uSzeIEc?authuser=0&hl=en&rclk=1
IGNOU SOLUTION KATIHAR (IGNOU ASSIGNMENT ZONE),Katihar,4.9,,+91 70044 15219,,http://quick-search.in/digitalWeb/325/sarkar.com,"IGNOU, DS College Rd, Hariganj Mohalla, Katihar, Bihar 854105, India",https://www.google.com/maps/place/IGNOU+SOLUTION+KATIHAR+%28IGNOU+ASSIGNMENT+ZONE%29/data=!4m7!3m6!1s0x39faa9ef15c7aea3:0xc00a0f3290b2c8bc!8m2!3d25.5354592!4d87.5829308!16s%2Fg%2F11vb_r0x0l!19sChIJo67HFe-p-jkRvMiykDIPCsA?authuser=0&hl=en&rclk=1
Wizard-Tech Computer Academy,Katihar,4.7,,+91 97716 22669,,http://www.wtca.edu.in/,"BINAY AATA MILL KE UPRI MANJIL, MORE, I.T.I, Mirchaibari, Katihar, Bihar 854105, India",https://www.google.com/maps/place/Wizard-Tech+Computer+Academy/data=!4m7!3m6!1s0x39faaa3cf5942ba5:0x2e3fcb929f1abebf!8m2!3d25.5584528!4d87.5543501!16s%2Fg%2F11gdh0f5fh!19sChIJpSuU9Tyq-jkRv74an5LLPy4?authuser=0&hl=en&rclk=1
JAI MATA DI CYBER CAFE GERABARI KORHA KATIHAR BIHAR,Katihar,,,+91 91553 29621,,Not Available,"Gerabari Bazar Hatt Jane Wala road, Gerabari, Bihar 854108, India",https://www.google.com/maps/place/JAI+MATA+DI+CYBER+CAFE+GERABARI+KORHA+KATIHAR+BIHAR/data=!4m7!3m6!1s0x39f002b7bfffffff:0x1302f68e6f05bfda!8m2!3d25.6208153!4d87.4007994!16s%2Fg%2F11b6tddbf8!19sChIJ____v7cC8DkR2r8Fb472AhM?authuser=0&hl=en&rclk=1
STUDENT ONLINE CENTER,Katihar,0.0,,+91 72609 65519,,Not Available,"01 D, S Road, Dwasay, Katihar, Bihar 854105, India",https://www.google.com/maps/place/STUDENT+ONLINE+CENTER/data=!4m7!3m6!1s0x39faa9a8255855e7:0x5e0a7791c012acd9!8m2!3d25.5363921!4d87.5794713!16s%2Fg%2F11n5xv93sg!19sChIJ51VYJaip-jkR2awSwJF3Cl4?authuser=0&hl=en&rclk=1
LAXMI TELECOM & CSC CENTER,Katihar,4.5,,+91 77398 81577,,Not Available,"National Highway 31, Mania, Madhepura, Bihar 854107, India",https://www.google.com/maps/place/LAXMI+TELECOM+%26+CSC+CENTER/data=!4m7!3m6!1s0x39faa935eab3ac05:0x1c7bddc7c8255099!8m2!3d25.5236954!4d87.6150748!16s%2Fg%2F11f3dvkqhx!19sChIJBayz6jWp-jkRmVAlyMfdexw?authuser=0&hl=en&rclk=1
sumit aadhaar center,Katihar,4.6,,+91 97092 93210,,Not Available,"HH56+PQH, teja tola, Mirchaibari, Katihar, Bihar 854105, India",https://www.google.com/maps/place/sumit+aadhaar+center/data=!4m7!3m6!1s0x39faaa2329f9144b:0xee44403fa44c4181!8m2!3d25.5593089!4d87.5619689!16s%2Fg%2F11c6pp145w!19sChIJSxT5KSOq-jkRgUFMpD9ARO4?authuser=0&hl=en&rclk=1
Nextgen Computer Education,Katihar,4.2,,+91 94708 01443,,Not Available,"Rajhata, Binodpur, Katihar, Bihar 854105, India",https://www.google.com/maps/place/Nextgen+Computer+Education/data=!4m7!3m6!1s0x39faa9904642bc51:0x2b526608c8cd13e0!8m2!3d25.5346892!4d87.5672699!16s%2Fg%2F1tkslsbh!19sChIJUbxCRpCp-jkR4BPNyAhmUis?authuser=0&hl=en&rclk=1
KITE COMPUTER EDUCATION,Katihar,5.0,,+91 95046 64701,,https://kiteinst.com/,"Chowk, Mirchaibari, Katihar, Bihar 854105, India",https://www.google.com/maps/place/KITE+COMPUTER+EDUCATION/data=!4m7!3m6!1s0x39faab5e95bb1901:0xfe438c6dd4319820!8m2!3d25.5582212!4d87.5547145!16s%2Fg%2F11fm4rt7d_!19sChIJARm7lV6r-jkRIJgx1G2MQ_4?authuser=0&hl=en&rclk=1
Katihar Online,Katihar,4.1,,+91 95343 55192,,http://www.katiharonline.com/,"GHRF+JX3 Taj Deorhi, RK Mission Rd, Gami Tola, Katihar, Bihar 854105, India",https://www.google.com/maps/place/Katihar+Online/data=!4m7!3m6!1s0x39faa983e57ac4dd:0x149fc5fa3c1cfc29!8m2!3d25.5415079!4d87.5749243!16s%2Fg%2F11c3k51f65!19sChIJ3cR65YOp-jkRKfwcPPrFnxQ?authuser=0&hl=en&rclk=1
COMPUTER PLAZA,Katihar,5.0,,+91 95343 42210,,Not Available,"Sadar hospital road, Shahid chowk, Katihar, Bihar 854105, India",https://www.google.com/maps/place/COMPUTER+PLAZA/data=!4m7!3m6!1s0x39faa9167245ea17:0xaa507572f29f863c!8m2!3d25.5415305!4d87.5678016!16s%2Fg%2F11xvltj5k4!19sChIJF-pFchap-jkRPIaf8nJ1UKo?authuser=0&hl=en&rclk=1
Sahajan Internet Cafe,Katihar,5.0,,+91 62001 90207,,Not Available,"01, Binodpur, Katihar, Bihar 854105, India",https://www.google.com/maps/place/Sahajan+Internet+Cafe/data=!4m7!3m6!1s0x39faa9f80131105b:0xef0e6605ce776432!8m2!3d25.5353375!4d87.5677215!16s%2Fg%2F11tfdn569b!19sChIJWxAxAfip-jkRMmR3zgVmDu8?authuser=0&hl=en&rclk=1
INDIA ONLINE CENTER,Katihar,5.0,,+91 76312 30525,,Not Available,"INDIA HOTEL GALI, Mirchaibari, Katihar, Bihar 854105, India",https://www.google.com/maps/place/INDIA+ONLINE+CENTER/data=!4m7!3m6!1s0x39faabf682355c37:0x51d3344ba108f691!8m2!3d25.5598894!4d87.5567299!16s%2Fg%2F11t_t621sd!19sChIJN1w1gvar-jkRkfYIoUs001E?authuser=0&hl=en&rclk=1
